filepath,class_name,label,width,height
Cardboard/Cardboard_1.jpg,Cardboard,0,524,524
Cardboard/Cardboard_10.jpg,Cardboard,0,524,524
Cardboard/Cardboard_100.jpg,Cardboard,0,524,524
Cardboard/Cardboard_101.jpg,Cardboard,0,524,524
Cardboard/Cardboard_102.jpg,Cardboard,0,524,524
Cardboard/Cardboard_103.jpg,Cardboard,0,524,524
Cardboard/Cardboard_104.jpg,Cardboard,0,524,524
Cardboard/Cardboard_105.jpg,Cardboard,0,524,524
Cardboard/Cardboard_106.jpg,Cardboard,0,524,524
Cardboard/Cardboard_107.jpg,Cardboard,0,524,524
Cardboard/Cardboard_108.jpg,Cardboard,0,524,524
Cardboard/Cardboard_109.jpg,Cardboard,0,524,524
Cardboard/Cardboard_11.jpg,Cardboard,0,524,524
Cardboard/Cardboard_110.jpg,Cardboard,0,524,524
Cardboard/Cardboard_111.jpg,Cardboard,0,524,524
Cardboard/Cardboard_112.jpg,Cardboard,0,524,524
Cardboard/Cardboard_113.jpg,Cardboard,0,524,524
Cardboard/Cardboard_114.jpg,Cardboard,0,524,524
Cardboard/Cardboard_115.jpg,Cardboard,0,524,524
Cardboard/Cardboard_116.jpg,Cardboard,0,524,524
Cardboard/Cardboard_117.jpg,Cardboard,0,524,524
Cardboard/Cardboard_118.jpg,Cardboard,0,524,524
Cardboard/Cardboard_119.jpg,Cardboard,0,524,524
Cardboard/Cardboard_12.jpg,Cardboard,0,524,524
Cardboard/Cardboard_120.jpg,Cardboard,0,524,524
Cardboard/Cardboard_121.jpg,Cardboard,0,524,524
Cardboard/Cardboard_122.jpg,Cardboard,0,524,524
Cardboard/Cardboard_123.jpg,Cardboard,0,524,524
Cardboard/Cardboard_124.jpg,Cardboard,0,524,524
Cardboard/Cardboard_125.jpg,Cardboard,0,524,524
Cardboard/Cardboard_126.jpg,Cardboard,0,524,524
Cardboard/Cardboard_127.jpg,Cardboard,0,524,524
Cardboard/Cardboard_128.jpg,Cardboard,0,524,524
Cardboard/Cardboard_129.jpg,Cardboard,0,524,524
Cardboard/Cardboard_13.jpg,Cardboard,0,524,524
Cardboard/Cardboard_130.jpg,Cardboard,0,524,524
Cardboard/Cardboard_131.jpg,Cardboard,0,524,524
Cardboard/Cardboard_132.jpg,Cardboard,0,524,524
Cardboard/Cardboard_133.jpg,Cardboard,0,524,524
Cardboard/Cardboard_134.jpg,Cardboard,0,524,524
Cardboard/Cardboard_135.jpg,Cardboard,0,524,524
Cardboard/Cardboard_136.jpg,Cardboard,0,524,524
Cardboard/Cardboard_137.jpg,Cardboard,0,524,524
Cardboard/Cardboard_138.jpg,Cardboard,0,524,524
Cardboard/Cardboard_139.jpg,Cardboard,0,524,524
Cardboard/Cardboard_14.jpg,Cardboard,0,524,524
Cardboard/Cardboard_140.jpg,Cardboard,0,524,524
Cardboard/Cardboard_141.jpg,Cardboard,0,524,524
Cardboard/Cardboard_142.jpg,Cardboard,0,524,524
Cardboard/Cardboard_143.jpg,Cardboard,0,524,524
Cardboard/Cardboard_144.jpg,Cardboard,0,524,524
Cardboard/Cardboard_145.jpg,Cardboard,0,524,524
Cardboard/Cardboard_146.jpg,Cardboard,0,524,524
Cardboard/Cardboard_147.jpg,Cardboard,0,524,524
Cardboard/Cardboard_148.jpg,Cardboard,0,524,524
Cardboard/Cardboard_149.jpg,Cardboard,0,524,524
Cardboard/Cardboard_15.jpg,Cardboard,0,524,524
Cardboard/Cardboard_150.jpg,Cardboard,0,524,524
Cardboard/Cardboard_151.jpg,Cardboard,0,524,524
Cardboard/Cardboard_152.jpg,Cardboard,0,524,524
Cardboard/Cardboard_153.jpg,Cardboard,0,524,524
Cardboard/Cardboard_154.jpg,Cardboard,0,524,524
Cardboard/Cardboard_155.jpg,Cardboard,0,524,524
Cardboard/Cardboard_156.jpg,Cardboard,0,524,524
Cardboard/Cardboard_157.jpg,Cardboard,0,524,524
Cardboard/Cardboard_158.jpg,Cardboard,0,524,524
Cardboard/Cardboard_159.jpg,Cardboard,0,524,524
Cardboard/Cardboard_16.jpg,Cardboard,0,524,524
Cardboard/Cardboard_160.jpg,Cardboard,0,524,524
Cardboard/Cardboard_161.jpg,Cardboard,0,524,524
Cardboard/Cardboard_162.jpg,Cardboard,0,524,524
Cardboard/Cardboard_163.jpg,Cardboard,0,524,524
Cardboard/Cardboard_164.jpg,Cardboard,0,524,524
Cardboard/Cardboard_165.jpg,Cardboard,0,524,524
Cardboard/Cardboard_166.jpg,Cardboard,0,524,524
Cardboard/Cardboard_167.jpg,Cardboard,0,524,524
Cardboard/Cardboard_168.jpg,Cardboard,0,524,524
Cardboard/Cardboard_169.jpg,Cardboard,0,524,524
Cardboard/Cardboard_17.jpg,Cardboard,0,524,524
Cardboard/Cardboard_170.jpg,Cardboard,0,524,524
Cardboard/Cardboard_171.jpg,Cardboard,0,524,524
Cardboard/Cardboard_172.jpg,Cardboard,0,524,524
Cardboard/Cardboard_173.jpg,Cardboard,0,524,524
Cardboard/Cardboard_174.jpg,Cardboard,0,524,524
Cardboard/Cardboard_175.jpg,Cardboard,0,524,524
Cardboard/Cardboard_176.jpg,Cardboard,0,524,524
Cardboard/Cardboard_177.jpg,Cardboard,0,524,524
Cardboard/Cardboard_178.jpg,Cardboard,0,524,524
Cardboard/Cardboard_179.jpg,Cardboard,0,524,524
Cardboard/Cardboard_18.jpg,Cardboard,0,524,524
Cardboard/Cardboard_180.jpg,Cardboard,0,524,524
Cardboard/Cardboard_181.jpg,Cardboard,0,524,524
Cardboard/Cardboard_182.jpg,Cardboard,0,524,524
Cardboard/Cardboard_183.jpg,Cardboard,0,524,524
Cardboard/Cardboard_184.jpg,Cardboard,0,524,524
Cardboard/Cardboard_185.jpg,Cardboard,0,524,524
Cardboard/Cardboard_186.jpg,Cardboard,0,524,524
Cardboard/Cardboard_187.jpg,Cardboard,0,524,524
Cardboard/Cardboard_188.jpg,Cardboard,0,524,524
Cardboard/Cardboard_189.jpg,Cardboard,0,524,524
Cardboard/Cardboard_19.jpg,Cardboard,0,524,524
Cardboard/Cardboard_190.jpg,Cardboard,0,524,524
Cardboard/Cardboard_191.jpg,Cardboard,0,524,524
Cardboard/Cardboard_192.jpg,Cardboard,0,524,524
Cardboard/Cardboard_193.jpg,Cardboard,0,524,524
Cardboard/Cardboard_194.jpg,Cardboard,0,524,524
Cardboard/Cardboard_195.jpg,Cardboard,0,524,524
Cardboard/Cardboard_196.jpg,Cardboard,0,524,524
Cardboard/Cardboard_197.jpg,Cardboard,0,524,524
Cardboard/Cardboard_198.jpg,Cardboard,0,524,524
Cardboard/Cardboard_199.jpg,Cardboard,0,524,524
Cardboard/Cardboard_2.jpg,Cardboard,0,524,524
Cardboard/Cardboard_20.jpg,Cardboard,0,524,524
Cardboard/Cardboard_200.jpg,Cardboard,0,524,524
Cardboard/Cardboard_201.jpg,Cardboard,0,524,524
Cardboard/Cardboard_202.jpg,Cardboard,0,524,524
Cardboard/Cardboard_203.jpg,Cardboard,0,524,524
Cardboard/Cardboard_204.jpg,Cardboard,0,524,524
Cardboard/Cardboard_205.jpg,Cardboard,0,524,524
Cardboard/Cardboard_206.jpg,Cardboard,0,524,524
Cardboard/Cardboard_207.jpg,Cardboard,0,524,524
Cardboard/Cardboard_208.jpg,Cardboard,0,524,524
Cardboard/Cardboard_209.jpg,Cardboard,0,524,524
Cardboard/Cardboard_21.jpg,Cardboard,0,524,524
Cardboard/Cardboard_210.jpg,Cardboard,0,524,524
Cardboard/Cardboard_211.jpg,Cardboard,0,524,524
Cardboard/Cardboard_212.jpg,Cardboard,0,524,524
Cardboard/Cardboard_213.jpg,Cardboard,0,524,524
Cardboard/Cardboard_214.jpg,Cardboard,0,524,524
Cardboard/Cardboard_215.jpg,Cardboard,0,524,524
Cardboard/Cardboard_216.jpg,Cardboard,0,524,524
Cardboard/Cardboard_217.jpg,Cardboard,0,524,524
Cardboard/Cardboard_218.jpg,Cardboard,0,524,524
Cardboard/Cardboard_219.jpg,Cardboard,0,524,524
Cardboard/Cardboard_22.jpg,Cardboard,0,524,524
Cardboard/Cardboard_220.jpg,Cardboard,0,524,524
Cardboard/Cardboard_221.jpg,Cardboard,0,524,524
Cardboard/Cardboard_222.jpg,Cardboard,0,524,524
Cardboard/Cardboard_223.jpg,Cardboard,0,524,524
Cardboard/Cardboard_224.jpg,Cardboard,0,524,524
Cardboard/Cardboard_225.jpg,Cardboard,0,524,524
Cardboard/Cardboard_226.jpg,Cardboard,0,524,524
Cardboard/Cardboard_227.jpg,Cardboard,0,524,524
Cardboard/Cardboard_228.jpg,Cardboard,0,524,524
Cardboard/Cardboard_229.jpg,Cardboard,0,524,524
Cardboard/Cardboard_23.jpg,Cardboard,0,524,524
Cardboard/Cardboard_230.jpg,Cardboard,0,524,524
Cardboard/Cardboard_231.jpg,Cardboard,0,524,524
Cardboard/Cardboard_232.jpg,Cardboard,0,524,524
Cardboard/Cardboard_233.jpg,Cardboard,0,524,524
Cardboard/Cardboard_234.jpg,Cardboard,0,524,524
Cardboard/Cardboard_235.jpg,Cardboard,0,524,524
Cardboard/Cardboard_236.jpg,Cardboard,0,524,524
Cardboard/Cardboard_237.jpg,Cardboard,0,524,524
Cardboard/Cardboard_238.jpg,Cardboard,0,524,524
Cardboard/Cardboard_239.jpg,Cardboard,0,524,524
Cardboard/Cardboard_24.jpg,Cardboard,0,524,524
Cardboard/Cardboard_240.jpg,Cardboard,0,524,524
Cardboard/Cardboard_241.jpg,Cardboard,0,524,524
Cardboard/Cardboard_242.jpg,Cardboard,0,524,524
Cardboard/Cardboard_243.jpg,Cardboard,0,524,524
Cardboard/Cardboard_244.jpg,Cardboard,0,524,524
Cardboard/Cardboard_245.jpg,Cardboard,0,524,524
Cardboard/Cardboard_246.jpg,Cardboard,0,524,524
Cardboard/Cardboard_247.jpg,Cardboard,0,524,524
Cardboard/Cardboard_248.jpg,Cardboard,0,524,524
Cardboard/Cardboard_249.jpg,Cardboard,0,524,524
Cardboard/Cardboard_25.jpg,Cardboard,0,524,524
Cardboard/Cardboard_250.jpg,Cardboard,0,524,524
Cardboard/Cardboard_251.jpg,Cardboard,0,524,524
Cardboard/Cardboard_252.jpg,Cardboard,0,524,524
Cardboard/Cardboard_253.jpg,Cardboard,0,524,524
Cardboard/Cardboard_254.jpg,Cardboard,0,524,524
Cardboard/Cardboard_255.jpg,Cardboard,0,524,524
Cardboard/Cardboard_256.jpg,Cardboard,0,524,524
Cardboard/Cardboard_257.jpg,Cardboard,0,524,524
Cardboard/Cardboard_258.jpg,Cardboard,0,524,524
Cardboard/Cardboard_259.jpg,Cardboard,0,524,524
Cardboard/Cardboard_26.jpg,Cardboard,0,524,524
Cardboard/Cardboard_260.jpg,Cardboard,0,524,524
Cardboard/Cardboard_261.jpg,Cardboard,0,524,524
Cardboard/Cardboard_262.jpg,Cardboard,0,524,524
Cardboard/Cardboard_263.jpg,Cardboard,0,524,524
Cardboard/Cardboard_264.jpg,Cardboard,0,524,524
Cardboard/Cardboard_265.jpg,Cardboard,0,524,524
Cardboard/Cardboard_266.jpg,Cardboard,0,524,524
Cardboard/Cardboard_267.jpg,Cardboard,0,524,524
Cardboard/Cardboard_268.jpg,Cardboard,0,524,524
Cardboard/Cardboard_269.jpg,Cardboard,0,524,524
Cardboard/Cardboard_27.jpg,Cardboard,0,524,524
Cardboard/Cardboard_270.jpg,Cardboard,0,524,524
Cardboard/Cardboard_271.jpg,Cardboard,0,524,524
Cardboard/Cardboard_272.jpg,Cardboard,0,524,524
Cardboard/Cardboard_273.jpg,Cardboard,0,524,524
Cardboard/Cardboard_274.jpg,Cardboard,0,524,524
Cardboard/Cardboard_275.jpg,Cardboard,0,524,524
Cardboard/Cardboard_276.jpg,Cardboard,0,524,524
Cardboard/Cardboard_277.jpg,Cardboard,0,524,524
Cardboard/Cardboard_278.jpg,Cardboard,0,524,524
Cardboard/Cardboard_279.jpg,Cardboard,0,524,524
Cardboard/Cardboard_28.jpg,Cardboard,0,524,524
Cardboard/Cardboard_280.jpg,Cardboard,0,524,524
Cardboard/Cardboard_281.jpg,Cardboard,0,524,524
Cardboard/Cardboard_282.jpg,Cardboard,0,524,524
Cardboard/Cardboard_283.jpg,Cardboard,0,524,524
Cardboard/Cardboard_284.jpg,Cardboard,0,524,524
Cardboard/Cardboard_285.jpg,Cardboard,0,524,524
Cardboard/Cardboard_286.jpg,Cardboard,0,524,524
Cardboard/Cardboard_287.jpg,Cardboard,0,524,524
Cardboard/Cardboard_288.jpg,Cardboard,0,524,524
Cardboard/Cardboard_289.jpg,Cardboard,0,524,524
Cardboard/Cardboard_29.jpg,Cardboard,0,524,524
Cardboard/Cardboard_290.jpg,Cardboard,0,524,524
Cardboard/Cardboard_291.jpg,Cardboard,0,524,524
Cardboard/Cardboard_292.jpg,Cardboard,0,524,524
Cardboard/Cardboard_293.jpg,Cardboard,0,524,524
Cardboard/Cardboard_294.jpg,Cardboard,0,524,524
Cardboard/Cardboard_295.jpg,Cardboard,0,524,524
Cardboard/Cardboard_296.jpg,Cardboard,0,524,524
Cardboard/Cardboard_297.jpg,Cardboard,0,524,524
Cardboard/Cardboard_298.jpg,Cardboard,0,524,524
Cardboard/Cardboard_299.jpg,Cardboard,0,524,524
Cardboard/Cardboard_3.jpg,Cardboard,0,524,524
Cardboard/Cardboard_30.jpg,Cardboard,0,524,524
Cardboard/Cardboard_300.jpg,Cardboard,0,524,524
Cardboard/Cardboard_301.jpg,Cardboard,0,524,524
Cardboard/Cardboard_302.jpg,Cardboard,0,524,524
Cardboard/Cardboard_303.jpg,Cardboard,0,524,524
Cardboard/Cardboard_304.jpg,Cardboard,0,524,524
Cardboard/Cardboard_305.jpg,Cardboard,0,524,524
Cardboard/Cardboard_306.jpg,Cardboard,0,524,524
Cardboard/Cardboard_307.jpg,Cardboard,0,524,524
Cardboard/Cardboard_308.jpg,Cardboard,0,524,524
Cardboard/Cardboard_309.jpg,Cardboard,0,524,524
Cardboard/Cardboard_31.jpg,Cardboard,0,524,524
Cardboard/Cardboard_310.jpg,Cardboard,0,524,524
Cardboard/Cardboard_311.jpg,Cardboard,0,524,524
Cardboard/Cardboard_312.jpg,Cardboard,0,524,524
Cardboard/Cardboard_313.jpg,Cardboard,0,524,524
Cardboard/Cardboard_314.jpg,Cardboard,0,524,524
Cardboard/Cardboard_315.jpg,Cardboard,0,524,524
Cardboard/Cardboard_316.jpg,Cardboard,0,524,524
Cardboard/Cardboard_317.jpg,Cardboard,0,524,524
Cardboard/Cardboard_318.jpg,Cardboard,0,524,524
Cardboard/Cardboard_319.jpg,Cardboard,0,524,524
Cardboard/Cardboard_32.jpg,Cardboard,0,524,524
Cardboard/Cardboard_320.jpg,Cardboard,0,524,524
Cardboard/Cardboard_321.jpg,Cardboard,0,524,524
Cardboard/Cardboard_322.jpg,Cardboard,0,524,524
Cardboard/Cardboard_323.jpg,Cardboard,0,524,524
Cardboard/Cardboard_324.jpg,Cardboard,0,524,524
Cardboard/Cardboard_325.jpg,Cardboard,0,524,524
Cardboard/Cardboard_326.jpg,Cardboard,0,524,524
Cardboard/Cardboard_327.jpg,Cardboard,0,524,524
Cardboard/Cardboard_328.jpg,Cardboard,0,524,524
Cardboard/Cardboard_329.jpg,Cardboard,0,524,524
Cardboard/Cardboard_33.jpg,Cardboard,0,524,524
Cardboard/Cardboard_330.jpg,Cardboard,0,524,524
Cardboard/Cardboard_331.jpg,Cardboard,0,524,524
Cardboard/Cardboard_332.jpg,Cardboard,0,524,524
Cardboard/Cardboard_333.jpg,Cardboard,0,524,524
Cardboard/Cardboard_334.jpg,Cardboard,0,524,524
Cardboard/Cardboard_335.jpg,Cardboard,0,524,524
Cardboard/Cardboard_336.jpg,Cardboard,0,524,524
Cardboard/Cardboard_337.jpg,Cardboard,0,524,524
Cardboard/Cardboard_338.jpg,Cardboard,0,524,524
Cardboard/Cardboard_339.jpg,Cardboard,0,524,524
Cardboard/Cardboard_34.jpg,Cardboard,0,524,524
Cardboard/Cardboard_340.jpg,Cardboard,0,524,524
Cardboard/Cardboard_341.jpg,Cardboard,0,524,524
Cardboard/Cardboard_342.jpg,Cardboard,0,524,524
Cardboard/Cardboard_343.jpg,Cardboard,0,524,524
Cardboard/Cardboard_344.jpg,Cardboard,0,524,524
Cardboard/Cardboard_345.jpg,Cardboard,0,524,524
Cardboard/Cardboard_346.jpg,Cardboard,0,524,524
Cardboard/Cardboard_347.jpg,Cardboard,0,524,524
Cardboard/Cardboard_348.jpg,Cardboard,0,524,524
Cardboard/Cardboard_349.jpg,Cardboard,0,524,524
Cardboard/Cardboard_35.jpg,Cardboard,0,524,524
Cardboard/Cardboard_350.jpg,Cardboard,0,524,524
Cardboard/Cardboard_351.jpg,Cardboard,0,524,524
Cardboard/Cardboard_352.jpg,Cardboard,0,524,524
Cardboard/Cardboard_353.jpg,Cardboard,0,524,524
Cardboard/Cardboard_354.jpg,Cardboard,0,524,524
Cardboard/Cardboard_355.jpg,Cardboard,0,524,524
Cardboard/Cardboard_356.jpg,Cardboard,0,524,524
Cardboard/Cardboard_357.jpg,Cardboard,0,524,524
Cardboard/Cardboard_358.jpg,Cardboard,0,524,524
Cardboard/Cardboard_359.jpg,Cardboard,0,524,524
Cardboard/Cardboard_36.jpg,Cardboard,0,524,524
Cardboard/Cardboard_360.jpg,Cardboard,0,524,524
Cardboard/Cardboard_361.jpg,Cardboard,0,524,524
Cardboard/Cardboard_362.jpg,Cardboard,0,524,524
Cardboard/Cardboard_363.jpg,Cardboard,0,524,524
Cardboard/Cardboard_364.jpg,Cardboard,0,524,524
Cardboard/Cardboard_365.jpg,Cardboard,0,524,524
Cardboard/Cardboard_366.jpg,Cardboard,0,524,524
Cardboard/Cardboard_367.jpg,Cardboard,0,524,524
Cardboard/Cardboard_368.jpg,Cardboard,0,524,524
Cardboard/Cardboard_369.jpg,Cardboard,0,524,524
Cardboard/Cardboard_37.jpg,Cardboard,0,524,524
Cardboard/Cardboard_370.jpg,Cardboard,0,524,524
Cardboard/Cardboard_371.jpg,Cardboard,0,524,524
Cardboard/Cardboard_372.jpg,Cardboard,0,524,524
Cardboard/Cardboard_373.jpg,Cardboard,0,524,524
Cardboard/Cardboard_374.jpg,Cardboard,0,524,524
Cardboard/Cardboard_375.jpg,Cardboard,0,524,524
Cardboard/Cardboard_376.jpg,Cardboard,0,524,524
Cardboard/Cardboard_377.jpg,Cardboard,0,524,524
Cardboard/Cardboard_378.jpg,Cardboard,0,524,524
Cardboard/Cardboard_379.jpg,Cardboard,0,524,524
Cardboard/Cardboard_38.jpg,Cardboard,0,524,524
Cardboard/Cardboard_380.jpg,Cardboard,0,524,524
Cardboard/Cardboard_381.jpg,Cardboard,0,524,524
Cardboard/Cardboard_382.jpg,Cardboard,0,524,524
Cardboard/Cardboard_383.jpg,Cardboard,0,524,524
Cardboard/Cardboard_384.jpg,Cardboard,0,524,524
Cardboard/Cardboard_385.jpg,Cardboard,0,524,524
Cardboard/Cardboard_386.jpg,Cardboard,0,524,524
Cardboard/Cardboard_387.jpg,Cardboard,0,524,524
Cardboard/Cardboard_388.jpg,Cardboard,0,524,524
Cardboard/Cardboard_389.jpg,Cardboard,0,524,524
Cardboard/Cardboard_39.jpg,Cardboard,0,524,524
Cardboard/Cardboard_390.jpg,Cardboard,0,524,524
Cardboard/Cardboard_391.jpg,Cardboard,0,524,524
Cardboard/Cardboard_392.jpg,Cardboard,0,524,524
Cardboard/Cardboard_393.jpg,Cardboard,0,524,524
Cardboard/Cardboard_394.jpg,Cardboard,0,524,524
Cardboard/Cardboard_395.jpg,Cardboard,0,524,524
Cardboard/Cardboard_396.jpg,Cardboard,0,524,524
Cardboard/Cardboard_397.jpg,Cardboard,0,524,524
Cardboard/Cardboard_398.jpg,Cardboard,0,524,524
Cardboard/Cardboard_399.jpg,Cardboard,0,524,524
Cardboard/Cardboard_4.jpg,Cardboard,0,524,524
Cardboard/Cardboard_40.jpg,Cardboard,0,524,524
Cardboard/Cardboard_400.jpg,Cardboard,0,524,524
Cardboard/Cardboard_401.jpg,Cardboard,0,524,524
Cardboard/Cardboard_402.jpg,Cardboard,0,524,524
Cardboard/Cardboard_403.jpg,Cardboard,0,524,524
Cardboard/Cardboard_404.jpg,Cardboard,0,524,524
Cardboard/Cardboard_405.jpg,Cardboard,0,524,524
Cardboard/Cardboard_406.jpg,Cardboard,0,524,524
Cardboard/Cardboard_407.jpg,Cardboard,0,524,524
Cardboard/Cardboard_408.jpg,Cardboard,0,524,524
Cardboard/Cardboard_409.jpg,Cardboard,0,524,524
Cardboard/Cardboard_41.jpg,Cardboard,0,524,524
Cardboard/Cardboard_410.jpg,Cardboard,0,524,524
Cardboard/Cardboard_411.jpg,Cardboard,0,524,524
Cardboard/Cardboard_412.jpg,Cardboard,0,524,524
Cardboard/Cardboard_413.jpg,Cardboard,0,524,524
Cardboard/Cardboard_414.jpg,Cardboard,0,524,524
Cardboard/Cardboard_415.jpg,Cardboard,0,524,524
Cardboard/Cardboard_416.jpg,Cardboard,0,524,524
Cardboard/Cardboard_417.jpg,Cardboard,0,524,524
Cardboard/Cardboard_418.jpg,Cardboard,0,524,524
Cardboard/Cardboard_419.jpg,Cardboard,0,524,524
Cardboard/Cardboard_42.jpg,Cardboard,0,524,524
Cardboard/Cardboard_420.jpg,Cardboard,0,524,524
Cardboard/Cardboard_421.jpg,Cardboard,0,524,524
Cardboard/Cardboard_422.jpg,Cardboard,0,524,524
Cardboard/Cardboard_423.jpg,Cardboard,0,524,524
Cardboard/Cardboard_424.jpg,Cardboard,0,524,524
Cardboard/Cardboard_425.jpg,Cardboard,0,524,524
Cardboard/Cardboard_426.jpg,Cardboard,0,524,524
Cardboard/Cardboard_427.jpg,Cardboard,0,524,524
Cardboard/Cardboard_428.jpg,Cardboard,0,524,524
Cardboard/Cardboard_429.jpg,Cardboard,0,524,524
Cardboard/Cardboard_43.jpg,Cardboard,0,524,524
Cardboard/Cardboard_430.jpg,Cardboard,0,524,524
Cardboard/Cardboard_431.jpg,Cardboard,0,524,524
Cardboard/Cardboard_432.jpg,Cardboard,0,524,524
Cardboard/Cardboard_433.jpg,Cardboard,0,524,524
Cardboard/Cardboard_434.jpg,Cardboard,0,524,524
Cardboard/Cardboard_435.jpg,Cardboard,0,524,524
Cardboard/Cardboard_436.jpg,Cardboard,0,524,524
Cardboard/Cardboard_437.jpg,Cardboard,0,524,524
Cardboard/Cardboard_438.jpg,Cardboard,0,524,524
Cardboard/Cardboard_439.jpg,Cardboard,0,524,524
Cardboard/Cardboard_44.jpg,Cardboard,0,524,524
Cardboard/Cardboard_440.jpg,Cardboard,0,524,524
Cardboard/Cardboard_441.jpg,Cardboard,0,524,524
Cardboard/Cardboard_442.jpg,Cardboard,0,524,524
Cardboard/Cardboard_443.jpg,Cardboard,0,524,524
Cardboard/Cardboard_444.jpg,Cardboard,0,524,524
Cardboard/Cardboard_445.jpg,Cardboard,0,524,524
Cardboard/Cardboard_446.jpg,Cardboard,0,524,524
Cardboard/Cardboard_447.jpg,Cardboard,0,524,524
Cardboard/Cardboard_448.jpg,Cardboard,0,524,524
Cardboard/Cardboard_449.jpg,Cardboard,0,524,524
Cardboard/Cardboard_45.jpg,Cardboard,0,524,524
Cardboard/Cardboard_450.jpg,Cardboard,0,524,524
Cardboard/Cardboard_451.jpg,Cardboard,0,524,524
Cardboard/Cardboard_452.jpg,Cardboard,0,524,524
Cardboard/Cardboard_453.jpg,Cardboard,0,524,524
Cardboard/Cardboard_454.jpg,Cardboard,0,524,524
Cardboard/Cardboard_455.jpg,Cardboard,0,524,524
Cardboard/Cardboard_456.jpg,Cardboard,0,524,524
Cardboard/Cardboard_457.jpg,Cardboard,0,524,524
Cardboard/Cardboard_458.jpg,Cardboard,0,524,524
Cardboard/Cardboard_459.jpg,Cardboard,0,524,524
Cardboard/Cardboard_46.jpg,Cardboard,0,524,524
Cardboard/Cardboard_460.jpg,Cardboard,0,524,524
Cardboard/Cardboard_461.jpg,Cardboard,0,524,524
Cardboard/Cardboard_47.jpg,Cardboard,0,524,524
Cardboard/Cardboard_48.jpg,Cardboard,0,524,524
Cardboard/Cardboard_49.jpg,Cardboard,0,524,524
Cardboard/Cardboard_5.jpg,Cardboard,0,524,524
Cardboard/Cardboard_50.jpg,Cardboard,0,524,524
Cardboard/Cardboard_51.jpg,Cardboard,0,524,524
Cardboard/Cardboard_52.jpg,Cardboard,0,524,524
Cardboard/Cardboard_53.jpg,Cardboard,0,524,524
Cardboard/Cardboard_54.jpg,Cardboard,0,524,524
Cardboard/Cardboard_55.jpg,Cardboard,0,524,524
Cardboard/Cardboard_56.jpg,Cardboard,0,524,524
Cardboard/Cardboard_57.jpg,Cardboard,0,524,524
Cardboard/Cardboard_58.jpg,Cardboard,0,524,524
Cardboard/Cardboard_59.jpg,Cardboard,0,524,524
Cardboard/Cardboard_6.jpg,Cardboard,0,524,524
Cardboard/Cardboard_60.jpg,Cardboard,0,524,524
Cardboard/Cardboard_61.jpg,Cardboard,0,524,524
Cardboard/Cardboard_62.jpg,Cardboard,0,524,524
Cardboard/Cardboard_63.jpg,Cardboard,0,524,524
Cardboard/Cardboard_64.jpg,Cardboard,0,524,524
Cardboard/Cardboard_65.jpg,Cardboard,0,524,524
Cardboard/Cardboard_66.jpg,Cardboard,0,524,524
Cardboard/Cardboard_67.jpg,Cardboard,0,524,524
Cardboard/Cardboard_68.jpg,Cardboard,0,524,524
Cardboard/Cardboard_69.jpg,Cardboard,0,524,524
Cardboard/Cardboard_7.jpg,Cardboard,0,524,524
Cardboard/Cardboard_70.jpg,Cardboard,0,524,524
Cardboard/Cardboard_71.jpg,Cardboard,0,524,524
Cardboard/Cardboard_72.jpg,Cardboard,0,524,524
Cardboard/Cardboard_73.jpg,Cardboard,0,524,524
Cardboard/Cardboard_74.jpg,Cardboard,0,524,524
Cardboard/Cardboard_75.jpg,Cardboard,0,524,524
Cardboard/Cardboard_76.jpg,Cardboard,0,524,524
Cardboard/Cardboard_77.jpg,Cardboard,0,524,524
Cardboard/Cardboard_78.jpg,Cardboard,0,524,524
Cardboard/Cardboard_79.jpg,Cardboard,0,524,524
Cardboard/Cardboard_8.jpg,Cardboard,0,524,524
Cardboard/Cardboard_80.jpg,Cardboard,0,524,524
Cardboard/Cardboard_81.jpg,Cardboard,0,524,524
Cardboard/Cardboard_82.jpg,Cardboard,0,524,524
Cardboard/Cardboard_83.jpg,Cardboard,0,524,524
Cardboard/Cardboard_84.jpg,Cardboard,0,524,524
Cardboard/Cardboard_85.jpg,Cardboard,0,524,524
Cardboard/Cardboard_86.jpg,Cardboard,0,524,524
Cardboard/Cardboard_87.jpg,Cardboard,0,524,524
Cardboard/Cardboard_88.jpg,Cardboard,0,524,524
Cardboard/Cardboard_89.jpg,Cardboard,0,524,524
Cardboard/Cardboard_9.jpg,Cardboard,0,524,524
Cardboard/Cardboard_90.jpg,Cardboard,0,524,524
Cardboard/Cardboard_91.jpg,Cardboard,0,524,524
Cardboard/Cardboard_92.jpg,Cardboard,0,524,524
Cardboard/Cardboard_93.jpg,Cardboard,0,524,524
Cardboard/Cardboard_94.jpg,Cardboard,0,524,524
Cardboard/Cardboard_95.jpg,Cardboard,0,524,524
Cardboard/Cardboard_96.jpg,Cardboard,0,524,524
Cardboard/Cardboard_97.jpg,Cardboard,0,524,524
Cardboard/Cardboard_98.jpg,Cardboard,0,524,524
Cardboard/Cardboard_99.jpg,Cardboard,0,524,524
Food Organics/Food Organics_1.jpg,Food Organics,1,524,524
Food Organics/Food Organics_10.jpg,Food Organics,1,524,524
Food Organics/Food Organics_100.jpg,Food Organics,1,524,524
Food Organics/Food Organics_101.jpg,Food Organics,1,524,524
Food Organics/Food Organics_102.jpg,Food Organics,1,524,524
Food Organics/Food Organics_103.jpg,Food Organics,1,524,524
Food Organics/Food Organics_104.jpg,Food Organics,1,524,524
Food Organics/Food Organics_105.jpg,Food Organics,1,524,524
Food Organics/Food Organics_106.jpg,Food Organics,1,524,524
Food Organics/Food Organics_107.jpg,Food Organics,1,524,524
Food Organics/Food Organics_108.jpg,Food Organics,1,524,524
Food Organics/Food Organics_109.jpg,Food Organics,1,524,524
Food Organics/Food Organics_11.jpg,Food Organics,1,524,524
Food Organics/Food Organics_110.jpg,Food Organics,1,524,524
Food Organics/Food Organics_111.jpg,Food Organics,1,524,524
Food Organics/Food Organics_112.jpg,Food Organics,1,524,524
Food Organics/Food Organics_113.jpg,Food Organics,1,524,524
Food Organics/Food Organics_114.jpg,Food Organics,1,524,524
Food Organics/Food Organics_115.jpg,Food Organics,1,524,524
Food Organics/Food Organics_116.jpg,Food Organics,1,524,524
Food Organics/Food Organics_117.jpg,Food Organics,1,524,524
Food Organics/Food Organics_118.jpg,Food Organics,1,524,524
Food Organics/Food Organics_119.jpg,Food Organics,1,524,524
Food Organics/Food Organics_12.jpg,Food Organics,1,524,524
Food Organics/Food Organics_120.jpg,Food Organics,1,524,524
Food Organics/Food Organics_121.jpg,Food Organics,1,524,524
Food Organics/Food Organics_122.jpg,Food Organics,1,524,524
Food Organics/Food Organics_123.jpg,Food Organics,1,524,524
Food Organics/Food Organics_124.jpg,Food Organics,1,524,524
Food Organics/Food Organics_125.jpg,Food Organics,1,524,524
Food Organics/Food Organics_126.jpg,Food Organics,1,524,524
Food Organics/Food Organics_127.jpg,Food Organics,1,524,524
Food Organics/Food Organics_128.jpg,Food Organics,1,524,524
Food Organics/Food Organics_129.jpg,Food Organics,1,524,524
Food Organics/Food Organics_13.jpg,Food Organics,1,524,524
Food Organics/Food Organics_130.jpg,Food Organics,1,524,524
Food Organics/Food Organics_131.jpg,Food Organics,1,524,524
Food Organics/Food Organics_132.jpg,Food Organics,1,524,524
Food Organics/Food Organics_133.jpg,Food Organics,1,524,524
Food Organics/Food Organics_134.jpg,Food Organics,1,524,524
Food Organics/Food Organics_135.jpg,Food Organics,1,524,524
Food Organics/Food Organics_136.jpg,Food Organics,1,524,524
Food Organics/Food Organics_137.jpg,Food Organics,1,524,524
Food Organics/Food Organics_138.jpg,Food Organics,1,524,524
Food Organics/Food Organics_139.jpg,Food Organics,1,524,524
Food Organics/Food Organics_14.jpg,Food Organics,1,524,524
Food Organics/Food Organics_140.jpg,Food Organics,1,524,524
Food Organics/Food Organics_141.jpg,Food Organics,1,524,524
Food Organics/Food Organics_142.jpg,Food Organics,1,524,524
Food Organics/Food Organics_143.jpg,Food Organics,1,524,524
Food Organics/Food Organics_144.jpg,Food Organics,1,524,524
Food Organics/Food Organics_145.jpg,Food Organics,1,524,524
Food Organics/Food Organics_146.jpg,Food Organics,1,524,524
Food Organics/Food Organics_147.jpg,Food Organics,1,524,524
Food Organics/Food Organics_148.jpg,Food Organics,1,524,524
Food Organics/Food Organics_149.jpg,Food Organics,1,524,524
Food Organics/Food Organics_15.jpg,Food Organics,1,524,524
Food Organics/Food Organics_150.jpg,Food Organics,1,524,524
Food Organics/Food Organics_151.jpg,Food Organics,1,524,524
Food Organics/Food Organics_152.jpg,Food Organics,1,524,524
Food Organics/Food Organics_153.jpg,Food Organics,1,524,524
Food Organics/Food Organics_154.jpg,Food Organics,1,524,524
Food Organics/Food Organics_155.jpg,Food Organics,1,524,524
Food Organics/Food Organics_156.jpg,Food Organics,1,524,524
Food Organics/Food Organics_157.jpg,Food Organics,1,524,524
Food Organics/Food Organics_158.jpg,Food Organics,1,524,524
Food Organics/Food Organics_159.jpg,Food Organics,1,524,524
Food Organics/Food Organics_16.jpg,Food Organics,1,524,524
Food Organics/Food Organics_160.jpg,Food Organics,1,524,524
Food Organics/Food Organics_161.jpg,Food Organics,1,524,524
Food Organics/Food Organics_162.jpg,Food Organics,1,524,524
Food Organics/Food Organics_163.jpg,Food Organics,1,524,524
Food Organics/Food Organics_164.jpg,Food Organics,1,524,524
Food Organics/Food Organics_165.jpg,Food Organics,1,524,524
Food Organics/Food Organics_166.jpg,Food Organics,1,524,524
Food Organics/Food Organics_167.jpg,Food Organics,1,524,524
Food Organics/Food Organics_168.jpg,Food Organics,1,524,524
Food Organics/Food Organics_169.jpg,Food Organics,1,524,524
Food Organics/Food Organics_17.jpg,Food Organics,1,524,524
Food Organics/Food Organics_170.jpg,Food Organics,1,524,524
Food Organics/Food Organics_171.jpg,Food Organics,1,524,524
Food Organics/Food Organics_172.jpg,Food Organics,1,524,524
Food Organics/Food Organics_173.jpg,Food Organics,1,524,524
Food Organics/Food Organics_174.jpg,Food Organics,1,524,524
Food Organics/Food Organics_175.jpg,Food Organics,1,524,524
Food Organics/Food Organics_176.jpg,Food Organics,1,524,524
Food Organics/Food Organics_177.jpg,Food Organics,1,524,524
Food Organics/Food Organics_178.jpg,Food Organics,1,524,524
Food Organics/Food Organics_179.jpg,Food Organics,1,524,524
Food Organics/Food Organics_18.jpg,Food Organics,1,524,524
Food Organics/Food Organics_180.jpg,Food Organics,1,524,524
Food Organics/Food Organics_181.jpg,Food Organics,1,524,524
Food Organics/Food Organics_182.jpg,Food Organics,1,524,524
Food Organics/Food Organics_183.jpg,Food Organics,1,524,524
Food Organics/Food Organics_184.jpg,Food Organics,1,524,524
Food Organics/Food Organics_185.jpg,Food Organics,1,524,524
Food Organics/Food Organics_186.jpg,Food Organics,1,524,524
Food Organics/Food Organics_187.jpg,Food Organics,1,524,524
Food Organics/Food Organics_188.jpg,Food Organics,1,524,524
Food Organics/Food Organics_189.jpg,Food Organics,1,524,524
Food Organics/Food Organics_19.jpg,Food Organics,1,524,524
Food Organics/Food Organics_190.jpg,Food Organics,1,524,524
Food Organics/Food Organics_191.jpg,Food Organics,1,524,524
Food Organics/Food Organics_192.jpg,Food Organics,1,524,524
Food Organics/Food Organics_193.jpg,Food Organics,1,524,524
Food Organics/Food Organics_194.jpg,Food Organics,1,524,524
Food Organics/Food Organics_195.jpg,Food Organics,1,524,524
Food Organics/Food Organics_196.jpg,Food Organics,1,524,524
Food Organics/Food Organics_197.jpg,Food Organics,1,524,524
Food Organics/Food Organics_198.jpg,Food Organics,1,524,524
Food Organics/Food Organics_199.jpg,Food Organics,1,524,524
Food Organics/Food Organics_2.jpg,Food Organics,1,524,524
Food Organics/Food Organics_20.jpg,Food Organics,1,524,524
Food Organics/Food Organics_200.jpg,Food Organics,1,524,524
Food Organics/Food Organics_201.jpg,Food Organics,1,524,524
Food Organics/Food Organics_202.jpg,Food Organics,1,524,524
Food Organics/Food Organics_203.jpg,Food Organics,1,524,524
Food Organics/Food Organics_204.jpg,Food Organics,1,524,524
Food Organics/Food Organics_205.jpg,Food Organics,1,524,524
Food Organics/Food Organics_206.jpg,Food Organics,1,524,524
Food Organics/Food Organics_207.jpg,Food Organics,1,524,524
Food Organics/Food Organics_208.jpg,Food Organics,1,524,524
Food Organics/Food Organics_209.jpg,Food Organics,1,524,524
Food Organics/Food Organics_21.jpg,Food Organics,1,524,524
Food Organics/Food Organics_210.jpg,Food Organics,1,524,524
Food Organics/Food Organics_211.jpg,Food Organics,1,524,524
Food Organics/Food Organics_212.jpg,Food Organics,1,524,524
Food Organics/Food Organics_213.jpg,Food Organics,1,524,524
Food Organics/Food Organics_214.jpg,Food Organics,1,524,524
Food Organics/Food Organics_215.jpg,Food Organics,1,524,524
Food Organics/Food Organics_216.jpg,Food Organics,1,524,524
Food Organics/Food Organics_217.jpg,Food Organics,1,524,524
Food Organics/Food Organics_218.jpg,Food Organics,1,524,524
Food Organics/Food Organics_219.jpg,Food Organics,1,524,524
Food Organics/Food Organics_22.jpg,Food Organics,1,524,524
Food Organics/Food Organics_220.jpg,Food Organics,1,524,524
Food Organics/Food Organics_221.jpg,Food Organics,1,524,524
Food Organics/Food Organics_222.jpg,Food Organics,1,524,524
Food Organics/Food Organics_223.jpg,Food Organics,1,524,524
Food Organics/Food Organics_224.jpg,Food Organics,1,524,524
Food Organics/Food Organics_225.jpg,Food Organics,1,524,524
Food Organics/Food Organics_226.jpg,Food Organics,1,524,524
Food Organics/Food Organics_227.jpg,Food Organics,1,524,524
Food Organics/Food Organics_228.jpg,Food Organics,1,524,524
Food Organics/Food Organics_229.jpg,Food Organics,1,524,524
Food Organics/Food Organics_23.jpg,Food Organics,1,524,524
Food Organics/Food Organics_230.jpg,Food Organics,1,524,524
Food Organics/Food Organics_231.jpg,Food Organics,1,524,524
Food Organics/Food Organics_232.jpg,Food Organics,1,524,524
Food Organics/Food Organics_233.jpg,Food Organics,1,524,524
Food Organics/Food Organics_234.jpg,Food Organics,1,524,524
Food Organics/Food Organics_235.jpg,Food Organics,1,524,524
Food Organics/Food Organics_236.jpg,Food Organics,1,524,524
Food Organics/Food Organics_237.jpg,Food Organics,1,524,524
Food Organics/Food Organics_238.jpg,Food Organics,1,524,524
Food Organics/Food Organics_239.jpg,Food Organics,1,524,524
Food Organics/Food Organics_24.jpg,Food Organics,1,524,524
Food Organics/Food Organics_240.jpg,Food Organics,1,524,524
Food Organics/Food Organics_241.jpg,Food Organics,1,524,524
Food Organics/Food Organics_242.jpg,Food Organics,1,524,524
Food Organics/Food Organics_243.jpg,Food Organics,1,524,524
Food Organics/Food Organics_244.jpg,Food Organics,1,524,524
Food Organics/Food Organics_245.jpg,Food Organics,1,524,524
Food Organics/Food Organics_246.jpg,Food Organics,1,524,524
Food Organics/Food Organics_247.jpg,Food Organics,1,524,524
Food Organics/Food Organics_248.jpg,Food Organics,1,524,524
Food Organics/Food Organics_249.jpg,Food Organics,1,524,524
Food Organics/Food Organics_25.jpg,Food Organics,1,524,524
Food Organics/Food Organics_250.jpg,Food Organics,1,524,524
Food Organics/Food Organics_251.jpg,Food Organics,1,524,524
Food Organics/Food Organics_252.jpg,Food Organics,1,524,524
Food Organics/Food Organics_253.jpg,Food Organics,1,524,524
Food Organics/Food Organics_254.jpg,Food Organics,1,524,524
Food Organics/Food Organics_255.jpg,Food Organics,1,524,524
Food Organics/Food Organics_256.jpg,Food Organics,1,524,524
Food Organics/Food Organics_257.jpg,Food Organics,1,524,524
Food Organics/Food Organics_258.jpg,Food Organics,1,524,524
Food Organics/Food Organics_259.jpg,Food Organics,1,524,524
Food Organics/Food Organics_26.jpg,Food Organics,1,524,524
Food Organics/Food Organics_260.jpg,Food Organics,1,524,524
Food Organics/Food Organics_261.jpg,Food Organics,1,524,524
Food Organics/Food Organics_262.jpg,Food Organics,1,524,524
Food Organics/Food Organics_263.jpg,Food Organics,1,524,524
Food Organics/Food Organics_264.jpg,Food Organics,1,524,524
Food Organics/Food Organics_265.jpg,Food Organics,1,524,524
Food Organics/Food Organics_266.jpg,Food Organics,1,524,524
Food Organics/Food Organics_267.jpg,Food Organics,1,524,524
Food Organics/Food Organics_268.jpg,Food Organics,1,524,524
Food Organics/Food Organics_269.jpg,Food Organics,1,524,524
Food Organics/Food Organics_27.jpg,Food Organics,1,524,524
Food Organics/Food Organics_270.jpg,Food Organics,1,524,524
Food Organics/Food Organics_271.jpg,Food Organics,1,524,524
Food Organics/Food Organics_272.jpg,Food Organics,1,524,524
Food Organics/Food Organics_273.jpg,Food Organics,1,524,524
Food Organics/Food Organics_274.jpg,Food Organics,1,524,524
Food Organics/Food Organics_275.jpg,Food Organics,1,524,524
Food Organics/Food Organics_276.jpg,Food Organics,1,524,524
Food Organics/Food Organics_277.jpg,Food Organics,1,524,524
Food Organics/Food Organics_278.jpg,Food Organics,1,524,524
Food Organics/Food Organics_279.jpg,Food Organics,1,524,524
Food Organics/Food Organics_28.jpg,Food Organics,1,524,524
Food Organics/Food Organics_280.jpg,Food Organics,1,524,524
Food Organics/Food Organics_281.jpg,Food Organics,1,524,524
Food Organics/Food Organics_282.jpg,Food Organics,1,524,524
Food Organics/Food Organics_283.jpg,Food Organics,1,524,524
Food Organics/Food Organics_284.jpg,Food Organics,1,524,524
Food Organics/Food Organics_285.jpg,Food Organics,1,524,524
Food Organics/Food Organics_286.jpg,Food Organics,1,524,524
Food Organics/Food Organics_287.jpg,Food Organics,1,524,524
Food Organics/Food Organics_288.jpg,Food Organics,1,524,524
Food Organics/Food Organics_289.jpg,Food Organics,1,524,524
Food Organics/Food Organics_29.jpg,Food Organics,1,524,524
Food Organics/Food Organics_290.jpg,Food Organics,1,524,524
Food Organics/Food Organics_291.jpg,Food Organics,1,524,524
Food Organics/Food Organics_292.jpg,Food Organics,1,524,524
Food Organics/Food Organics_293.jpg,Food Organics,1,524,524
Food Organics/Food Organics_294.jpg,Food Organics,1,524,524
Food Organics/Food Organics_295.jpg,Food Organics,1,524,524
Food Organics/Food Organics_296.jpg,Food Organics,1,524,524
Food Organics/Food Organics_297.jpg,Food Organics,1,524,524
Food Organics/Food Organics_298.jpg,Food Organics,1,524,524
Food Organics/Food Organics_299.jpg,Food Organics,1,524,524
Food Organics/Food Organics_3.jpg,Food Organics,1,524,524
Food Organics/Food Organics_30.jpg,Food Organics,1,524,524
Food Organics/Food Organics_300.jpg,Food Organics,1,524,524
Food Organics/Food Organics_301.jpg,Food Organics,1,524,524
Food Organics/Food Organics_302.jpg,Food Organics,1,524,524
Food Organics/Food Organics_303.jpg,Food Organics,1,524,524
Food Organics/Food Organics_304.jpg,Food Organics,1,524,524
Food Organics/Food Organics_305.jpg,Food Organics,1,524,524
Food Organics/Food Organics_306.jpg,Food Organics,1,524,524
Food Organics/Food Organics_307.jpg,Food Organics,1,524,524
Food Organics/Food Organics_308.jpg,Food Organics,1,524,524
Food Organics/Food Organics_309.jpg,Food Organics,1,524,524
Food Organics/Food Organics_31.jpg,Food Organics,1,524,524
Food Organics/Food Organics_310.jpg,Food Organics,1,524,524
Food Organics/Food Organics_311.jpg,Food Organics,1,524,524
Food Organics/Food Organics_312.jpg,Food Organics,1,524,524
Food Organics/Food Organics_313.jpg,Food Organics,1,524,524
Food Organics/Food Organics_314.jpg,Food Organics,1,524,524
Food Organics/Food Organics_315.jpg,Food Organics,1,524,524
Food Organics/Food Organics_316.jpg,Food Organics,1,524,524
Food Organics/Food Organics_317.jpg,Food Organics,1,524,524
Food Organics/Food Organics_318.jpg,Food Organics,1,524,524
Food Organics/Food Organics_319.jpg,Food Organics,1,524,524
Food Organics/Food Organics_32.jpg,Food Organics,1,524,524
Food Organics/Food Organics_320.jpg,Food Organics,1,524,524
Food Organics/Food Organics_321.jpg,Food Organics,1,524,524
Food Organics/Food Organics_322.jpg,Food Organics,1,524,524
Food Organics/Food Organics_323.jpg,Food Organics,1,524,524
Food Organics/Food Organics_324.jpg,Food Organics,1,524,524
Food Organics/Food Organics_325.jpg,Food Organics,1,524,524
Food Organics/Food Organics_326.jpg,Food Organics,1,524,524
Food Organics/Food Organics_327.jpg,Food Organics,1,524,524
Food Organics/Food Organics_328.jpg,Food Organics,1,524,524
Food Organics/Food Organics_329.jpg,Food Organics,1,524,524
Food Organics/Food Organics_33.jpg,Food Organics,1,524,524
Food Organics/Food Organics_330.jpg,Food Organics,1,524,524
Food Organics/Food Organics_331.jpg,Food Organics,1,524,524
Food Organics/Food Organics_332.jpg,Food Organics,1,524,524
Food Organics/Food Organics_333.jpg,Food Organics,1,524,524
Food Organics/Food Organics_334.jpg,Food Organics,1,524,524
Food Organics/Food Organics_335.jpg,Food Organics,1,524,524
Food Organics/Food Organics_336.jpg,Food Organics,1,524,524
Food Organics/Food Organics_337.jpg,Food Organics,1,524,524
Food Organics/Food Organics_338.jpg,Food Organics,1,524,524
Food Organics/Food Organics_339.jpg,Food Organics,1,524,524
Food Organics/Food Organics_34.jpg,Food Organics,1,524,524
Food Organics/Food Organics_340.jpg,Food Organics,1,524,524
Food Organics/Food Organics_341.jpg,Food Organics,1,524,524
Food Organics/Food Organics_342.jpg,Food Organics,1,524,524
Food Organics/Food Organics_343.jpg,Food Organics,1,524,524
Food Organics/Food Organics_344.jpg,Food Organics,1,524,524
Food Organics/Food Organics_345.jpg,Food Organics,1,524,524
Food Organics/Food Organics_346.jpg,Food Organics,1,524,524
Food Organics/Food Organics_347.jpg,Food Organics,1,524,524
Food Organics/Food Organics_348.jpg,Food Organics,1,524,524
Food Organics/Food Organics_349.jpg,Food Organics,1,524,524
Food Organics/Food Organics_35.jpg,Food Organics,1,524,524
Food Organics/Food Organics_350.jpg,Food Organics,1,524,524
Food Organics/Food Organics_351.jpg,Food Organics,1,524,524
Food Organics/Food Organics_352.jpg,Food Organics,1,524,524
Food Organics/Food Organics_353.jpg,Food Organics,1,524,524
Food Organics/Food Organics_354.jpg,Food Organics,1,524,524
Food Organics/Food Organics_355.jpg,Food Organics,1,524,524
Food Organics/Food Organics_356.jpg,Food Organics,1,524,524
Food Organics/Food Organics_357.jpg,Food Organics,1,524,524
Food Organics/Food Organics_358.jpg,Food Organics,1,524,524
Food Organics/Food Organics_359.jpg,Food Organics,1,524,524
Food Organics/Food Organics_36.jpg,Food Organics,1,524,524
Food Organics/Food Organics_360.jpg,Food Organics,1,524,524
Food Organics/Food Organics_361.jpg,Food Organics,1,524,524
Food Organics/Food Organics_362.jpg,Food Organics,1,524,524
Food Organics/Food Organics_363.jpg,Food Organics,1,524,524
Food Organics/Food Organics_364.jpg,Food Organics,1,524,524
Food Organics/Food Organics_365.jpg,Food Organics,1,524,524
Food Organics/Food Organics_366.jpg,Food Organics,1,524,524
Food Organics/Food Organics_367.jpg,Food Organics,1,524,524
Food Organics/Food Organics_368.jpg,Food Organics,1,524,524
Food Organics/Food Organics_369.jpg,Food Organics,1,524,524
Food Organics/Food Organics_37.jpg,Food Organics,1,524,524
Food Organics/Food Organics_370.jpg,Food Organics,1,524,524
Food Organics/Food Organics_371.jpg,Food Organics,1,524,524
Food Organics/Food Organics_372.jpg,Food Organics,1,524,524
Food Organics/Food Organics_373.jpg,Food Organics,1,524,524
Food Organics/Food Organics_374.jpg,Food Organics,1,524,524
Food Organics/Food Organics_375.jpg,Food Organics,1,524,524
Food Organics/Food Organics_376.jpg,Food Organics,1,524,524
Food Organics/Food Organics_377.jpg,Food Organics,1,524,524
Food Organics/Food Organics_378.jpg,Food Organics,1,524,524
Food Organics/Food Organics_379.jpg,Food Organics,1,524,524
Food Organics/Food Organics_38.jpg,Food Organics,1,524,524
Food Organics/Food Organics_380.jpg,Food Organics,1,524,524
Food Organics/Food Organics_381.jpg,Food Organics,1,524,524
Food Organics/Food Organics_382.jpg,Food Organics,1,524,524
Food Organics/Food Organics_383.jpg,Food Organics,1,524,524
Food Organics/Food Organics_384.jpg,Food Organics,1,524,524
Food Organics/Food Organics_385.jpg,Food Organics,1,524,524
Food Organics/Food Organics_386.jpg,Food Organics,1,524,524
Food Organics/Food Organics_387.jpg,Food Organics,1,524,524
Food Organics/Food Organics_388.jpg,Food Organics,1,524,524
Food Organics/Food Organics_389.jpg,Food Organics,1,524,524
Food Organics/Food Organics_39.jpg,Food Organics,1,524,524
Food Organics/Food Organics_390.jpg,Food Organics,1,524,524
Food Organics/Food Organics_391.jpg,Food Organics,1,524,524
Food Organics/Food Organics_392.jpg,Food Organics,1,524,524
Food Organics/Food Organics_393.jpg,Food Organics,1,524,524
Food Organics/Food Organics_394.jpg,Food Organics,1,524,524
Food Organics/Food Organics_395.jpg,Food Organics,1,524,524
Food Organics/Food Organics_396.jpg,Food Organics,1,524,524
Food Organics/Food Organics_397.jpg,Food Organics,1,524,524
Food Organics/Food Organics_398.jpg,Food Organics,1,524,524
Food Organics/Food Organics_399.jpg,Food Organics,1,524,524
Food Organics/Food Organics_4.jpg,Food Organics,1,524,524
Food Organics/Food Organics_40.jpg,Food Organics,1,524,524
Food Organics/Food Organics_400.jpg,Food Organics,1,524,524
Food Organics/Food Organics_401.jpg,Food Organics,1,524,524
Food Organics/Food Organics_402.jpg,Food Organics,1,524,524
Food Organics/Food Organics_403.jpg,Food Organics,1,524,524
Food Organics/Food Organics_404.jpg,Food Organics,1,524,524
Food Organics/Food Organics_405.jpg,Food Organics,1,524,524
Food Organics/Food Organics_406.jpg,Food Organics,1,524,524
Food Organics/Food Organics_407.jpg,Food Organics,1,524,524
Food Organics/Food Organics_408.jpg,Food Organics,1,524,524
Food Organics/Food Organics_409.jpg,Food Organics,1,524,524
Food Organics/Food Organics_41.jpg,Food Organics,1,524,524
Food Organics/Food Organics_410.jpg,Food Organics,1,524,524
Food Organics/Food Organics_411.jpg,Food Organics,1,524,524
Food Organics/Food Organics_42.jpg,Food Organics,1,524,524
Food Organics/Food Organics_43.jpg,Food Organics,1,524,524
Food Organics/Food Organics_44.jpg,Food Organics,1,524,524
Food Organics/Food Organics_45.jpg,Food Organics,1,524,524
Food Organics/Food Organics_46.jpg,Food Organics,1,524,524
Food Organics/Food Organics_47.jpg,Food Organics,1,524,524
Food Organics/Food Organics_48.jpg,Food Organics,1,524,524
Food Organics/Food Organics_49.jpg,Food Organics,1,524,524
Food Organics/Food Organics_5.jpg,Food Organics,1,524,524
Food Organics/Food Organics_50.jpg,Food Organics,1,524,524
Food Organics/Food Organics_51.jpg,Food Organics,1,524,524
Food Organics/Food Organics_52.jpg,Food Organics,1,524,524
Food Organics/Food Organics_53.jpg,Food Organics,1,524,524
Food Organics/Food Organics_54.jpg,Food Organics,1,524,524
Food Organics/Food Organics_55.jpg,Food Organics,1,524,524
Food Organics/Food Organics_56.jpg,Food Organics,1,524,524
Food Organics/Food Organics_57.jpg,Food Organics,1,524,524
Food Organics/Food Organics_58.jpg,Food Organics,1,524,524
Food Organics/Food Organics_59.jpg,Food Organics,1,524,524
Food Organics/Food Organics_6.jpg,Food Organics,1,524,524
Food Organics/Food Organics_60.jpg,Food Organics,1,524,524
Food Organics/Food Organics_61.jpg,Food Organics,1,524,524
Food Organics/Food Organics_62.jpg,Food Organics,1,524,524
Food Organics/Food Organics_63.jpg,Food Organics,1,524,524
Food Organics/Food Organics_64.jpg,Food Organics,1,524,524
Food Organics/Food Organics_65.jpg,Food Organics,1,524,524
Food Organics/Food Organics_66.jpg,Food Organics,1,524,524
Food Organics/Food Organics_67.jpg,Food Organics,1,524,524
Food Organics/Food Organics_68.jpg,Food Organics,1,524,524
Food Organics/Food Organics_69.jpg,Food Organics,1,524,524
Food Organics/Food Organics_7.jpg,Food Organics,1,524,524
Food Organics/Food Organics_70.jpg,Food Organics,1,524,524
Food Organics/Food Organics_71.jpg,Food Organics,1,524,524
Food Organics/Food Organics_72.jpg,Food Organics,1,524,524
Food Organics/Food Organics_73.jpg,Food Organics,1,524,524
Food Organics/Food Organics_74.jpg,Food Organics,1,524,524
Food Organics/Food Organics_75.jpg,Food Organics,1,524,524
Food Organics/Food Organics_76.jpg,Food Organics,1,524,524
Food Organics/Food Organics_77.jpg,Food Organics,1,524,524
Food Organics/Food Organics_78.jpg,Food Organics,1,524,524
Food Organics/Food Organics_79.jpg,Food Organics,1,524,524
Food Organics/Food Organics_8.jpg,Food Organics,1,524,524
Food Organics/Food Organics_80.jpg,Food Organics,1,524,524
Food Organics/Food Organics_81.jpg,Food Organics,1,524,524
Food Organics/Food Organics_82.jpg,Food Organics,1,524,524
Food Organics/Food Organics_83.jpg,Food Organics,1,524,524
Food Organics/Food Organics_84.jpg,Food Organics,1,524,524
Food Organics/Food Organics_85.jpg,Food Organics,1,524,524
Food Organics/Food Organics_86.jpg,Food Organics,1,524,524
Food Organics/Food Organics_87.jpg,Food Organics,1,524,524
Food Organics/Food Organics_88.jpg,Food Organics,1,524,524
Food Organics/Food Organics_89.jpg,Food Organics,1,524,524
Food Organics/Food Organics_9.jpg,Food Organics,1,524,524
Food Organics/Food Organics_90.jpg,Food Organics,1,524,524
Food Organics/Food Organics_91.jpg,Food Organics,1,524,524
Food Organics/Food Organics_92.jpg,Food Organics,1,524,524
Food Organics/Food Organics_93.jpg,Food Organics,1,524,524
Food Organics/Food Organics_94.jpg,Food Organics,1,524,524
Food Organics/Food Organics_95.jpg,Food Organics,1,524,524
Food Organics/Food Organics_96.jpg,Food Organics,1,524,524
Food Organics/Food Organics_97.jpg,Food Organics,1,524,524
Food Organics/Food Organics_98.jpg,Food Organics,1,524,524
Food Organics/Food Organics_99.jpg,Food Organics,1,524,524
Glass/Glass_1.jpg,Glass,2,524,524
Glass/Glass_10.jpg,Glass,2,524,524
Glass/Glass_100.jpg,Glass,2,524,524
Glass/Glass_101.jpg,Glass,2,524,524
Glass/Glass_102.jpg,Glass,2,524,524
Glass/Glass_103.jpg,Glass,2,524,524
Glass/Glass_104.jpg,Glass,2,524,524
Glass/Glass_105.jpg,Glass,2,524,524
Glass/Glass_106.jpg,Glass,2,524,524
Glass/Glass_107.jpg,Glass,2,524,524
Glass/Glass_108.jpg,Glass,2,524,524
Glass/Glass_109.jpg,Glass,2,524,524
Glass/Glass_11.jpg,Glass,2,524,524
Glass/Glass_110.jpg,Glass,2,524,524
Glass/Glass_111.jpg,Glass,2,524,524
Glass/Glass_112.jpg,Glass,2,524,524
Glass/Glass_113.jpg,Glass,2,524,524
Glass/Glass_114.jpg,Glass,2,524,524
Glass/Glass_115.jpg,Glass,2,524,524
Glass/Glass_116.jpg,Glass,2,524,524
Glass/Glass_117.jpg,Glass,2,524,524
Glass/Glass_118.jpg,Glass,2,524,524
Glass/Glass_119.jpg,Glass,2,524,524
Glass/Glass_12.jpg,Glass,2,524,524
Glass/Glass_120.jpg,Glass,2,524,524
Glass/Glass_121.jpg,Glass,2,524,524
Glass/Glass_122.jpg,Glass,2,524,524
Glass/Glass_123.jpg,Glass,2,524,524
Glass/Glass_124.jpg,Glass,2,524,524
Glass/Glass_125.jpg,Glass,2,524,524
Glass/Glass_126.jpg,Glass,2,524,524
Glass/Glass_127.jpg,Glass,2,524,524
Glass/Glass_128.jpg,Glass,2,524,524
Glass/Glass_129.jpg,Glass,2,524,524
Glass/Glass_13.jpg,Glass,2,524,524
Glass/Glass_130.jpg,Glass,2,524,524
Glass/Glass_131.jpg,Glass,2,524,524
Glass/Glass_132.jpg,Glass,2,524,524
Glass/Glass_133.jpg,Glass,2,524,524
Glass/Glass_134.jpg,Glass,2,524,524
Glass/Glass_135.jpg,Glass,2,524,524
Glass/Glass_136.jpg,Glass,2,524,524
Glass/Glass_137.jpg,Glass,2,524,524
Glass/Glass_138.jpg,Glass,2,524,524
Glass/Glass_139.jpg,Glass,2,524,524
Glass/Glass_14.jpg,Glass,2,524,524
Glass/Glass_140.jpg,Glass,2,524,524
Glass/Glass_141.jpg,Glass,2,524,524
Glass/Glass_142.jpg,Glass,2,524,524
Glass/Glass_143.jpg,Glass,2,524,524
Glass/Glass_144.jpg,Glass,2,524,524
Glass/Glass_145.jpg,Glass,2,524,524
Glass/Glass_146.jpg,Glass,2,524,524
Glass/Glass_147.jpg,Glass,2,524,524
Glass/Glass_148.jpg,Glass,2,524,524
Glass/Glass_149.jpg,Glass,2,524,524
Glass/Glass_15.jpg,Glass,2,524,524
Glass/Glass_150.jpg,Glass,2,524,524
Glass/Glass_151.jpg,Glass,2,524,524
Glass/Glass_152.jpg,Glass,2,524,524
Glass/Glass_153.jpg,Glass,2,524,524
Glass/Glass_154.jpg,Glass,2,524,524
Glass/Glass_155.jpg,Glass,2,524,524
Glass/Glass_156.jpg,Glass,2,524,524
Glass/Glass_157.jpg,Glass,2,524,524
Glass/Glass_158.jpg,Glass,2,524,524
Glass/Glass_159.jpg,Glass,2,524,524
Glass/Glass_16.jpg,Glass,2,524,524
Glass/Glass_160.jpg,Glass,2,524,524
Glass/Glass_161.jpg,Glass,2,524,524
Glass/Glass_162.jpg,Glass,2,524,524
Glass/Glass_163.jpg,Glass,2,524,524
Glass/Glass_164.jpg,Glass,2,524,524
Glass/Glass_165.jpg,Glass,2,524,524
Glass/Glass_166.jpg,Glass,2,524,524
Glass/Glass_167.jpg,Glass,2,524,524
Glass/Glass_168.jpg,Glass,2,524,524
Glass/Glass_169.jpg,Glass,2,524,524
Glass/Glass_17.jpg,Glass,2,524,524
Glass/Glass_170.jpg,Glass,2,524,524
Glass/Glass_171.jpg,Glass,2,524,524
Glass/Glass_172.jpg,Glass,2,524,524
Glass/Glass_173.jpg,Glass,2,524,524
Glass/Glass_174.jpg,Glass,2,524,524
Glass/Glass_175.jpg,Glass,2,524,524
Glass/Glass_176.jpg,Glass,2,524,524
Glass/Glass_177.jpg,Glass,2,524,524
Glass/Glass_178.jpg,Glass,2,524,524
Glass/Glass_179.jpg,Glass,2,524,524
Glass/Glass_18.jpg,Glass,2,524,524
Glass/Glass_180.jpg,Glass,2,524,524
Glass/Glass_181.jpg,Glass,2,524,524
Glass/Glass_182.jpg,Glass,2,524,524
Glass/Glass_183.jpg,Glass,2,524,524
Glass/Glass_184.jpg,Glass,2,524,524
Glass/Glass_185.jpg,Glass,2,524,524
Glass/Glass_186.jpg,Glass,2,524,524
Glass/Glass_187.jpg,Glass,2,524,524
Glass/Glass_188.jpg,Glass,2,524,524
Glass/Glass_189.jpg,Glass,2,524,524
Glass/Glass_19.jpg,Glass,2,524,524
Glass/Glass_190.jpg,Glass,2,524,524
Glass/Glass_191.jpg,Glass,2,524,524
Glass/Glass_192.jpg,Glass,2,524,524
Glass/Glass_193.jpg,Glass,2,524,524
Glass/Glass_194.jpg,Glass,2,524,524
Glass/Glass_195.jpg,Glass,2,524,524
Glass/Glass_196.jpg,Glass,2,524,524
Glass/Glass_197.jpg,Glass,2,524,524
Glass/Glass_198.jpg,Glass,2,524,524
Glass/Glass_199.jpg,Glass,2,524,524
Glass/Glass_2.jpg,Glass,2,524,524
Glass/Glass_20.jpg,Glass,2,524,524
Glass/Glass_200.jpg,Glass,2,524,524
Glass/Glass_201.jpg,Glass,2,524,524
Glass/Glass_202.jpg,Glass,2,524,524
Glass/Glass_203.jpg,Glass,2,524,524
Glass/Glass_204.jpg,Glass,2,524,524
Glass/Glass_205.jpg,Glass,2,524,524
Glass/Glass_206.jpg,Glass,2,524,524
Glass/Glass_207.jpg,Glass,2,524,524
Glass/Glass_208.jpg,Glass,2,524,524
Glass/Glass_209.jpg,Glass,2,524,524
Glass/Glass_21.jpg,Glass,2,524,524
Glass/Glass_210.jpg,Glass,2,524,524
Glass/Glass_211.jpg,Glass,2,524,524
Glass/Glass_212.jpg,Glass,2,524,524
Glass/Glass_213.jpg,Glass,2,524,524
Glass/Glass_214.jpg,Glass,2,524,524
Glass/Glass_215.jpg,Glass,2,524,524
Glass/Glass_216.jpg,Glass,2,524,524
Glass/Glass_217.jpg,Glass,2,524,524
Glass/Glass_218.jpg,Glass,2,524,524
Glass/Glass_219.jpg,Glass,2,524,524
Glass/Glass_22.jpg,Glass,2,524,524
Glass/Glass_220.jpg,Glass,2,524,524
Glass/Glass_221.jpg,Glass,2,524,524
Glass/Glass_222.jpg,Glass,2,524,524
Glass/Glass_223.jpg,Glass,2,524,524
Glass/Glass_224.jpg,Glass,2,524,524
Glass/Glass_225.jpg,Glass,2,524,524
Glass/Glass_226.jpg,Glass,2,524,524
Glass/Glass_227.jpg,Glass,2,524,524
Glass/Glass_228.jpg,Glass,2,524,524
Glass/Glass_229.jpg,Glass,2,524,524
Glass/Glass_23.jpg,Glass,2,524,524
Glass/Glass_230.jpg,Glass,2,524,524
Glass/Glass_231.jpg,Glass,2,524,524
Glass/Glass_232.jpg,Glass,2,524,524
Glass/Glass_233.jpg,Glass,2,524,524
Glass/Glass_234.jpg,Glass,2,524,524
Glass/Glass_235.jpg,Glass,2,524,524
Glass/Glass_236.jpg,Glass,2,524,524
Glass/Glass_237.jpg,Glass,2,524,524
Glass/Glass_238.jpg,Glass,2,524,524
Glass/Glass_239.jpg,Glass,2,524,524
Glass/Glass_24.jpg,Glass,2,524,524
Glass/Glass_240.jpg,Glass,2,524,524
Glass/Glass_241.jpg,Glass,2,524,524
Glass/Glass_242.jpg,Glass,2,524,524
Glass/Glass_243.jpg,Glass,2,524,524
Glass/Glass_244.jpg,Glass,2,524,524
Glass/Glass_245.jpg,Glass,2,524,524
Glass/Glass_246.jpg,Glass,2,524,524
Glass/Glass_247.jpg,Glass,2,524,524
Glass/Glass_248.jpg,Glass,2,524,524
Glass/Glass_249.jpg,Glass,2,524,524
Glass/Glass_25.jpg,Glass,2,524,524
Glass/Glass_250.jpg,Glass,2,524,524
Glass/Glass_251.jpg,Glass,2,524,524
Glass/Glass_252.jpg,Glass,2,524,524
Glass/Glass_253.jpg,Glass,2,524,524
Glass/Glass_254.jpg,Glass,2,524,524
Glass/Glass_255.jpg,Glass,2,524,524
Glass/Glass_256.jpg,Glass,2,524,524
Glass/Glass_257.jpg,Glass,2,524,524
Glass/Glass_258.jpg,Glass,2,524,524
Glass/Glass_259.jpg,Glass,2,524,524
Glass/Glass_26.jpg,Glass,2,524,524
Glass/Glass_260.jpg,Glass,2,524,524
Glass/Glass_261.jpg,Glass,2,524,524
Glass/Glass_262.jpg,Glass,2,524,524
Glass/Glass_263.jpg,Glass,2,524,524
Glass/Glass_264.jpg,Glass,2,524,524
Glass/Glass_265.jpg,Glass,2,524,524
Glass/Glass_266.jpg,Glass,2,524,524
Glass/Glass_267.jpg,Glass,2,524,524
Glass/Glass_268.jpg,Glass,2,524,524
Glass/Glass_269.jpg,Glass,2,524,524
Glass/Glass_27.jpg,Glass,2,524,524
Glass/Glass_270.jpg,Glass,2,524,524
Glass/Glass_271.jpg,Glass,2,524,524
Glass/Glass_272.jpg,Glass,2,524,524
Glass/Glass_273.jpg,Glass,2,524,524
Glass/Glass_274.jpg,Glass,2,524,524
Glass/Glass_275.jpg,Glass,2,524,524
Glass/Glass_276.jpg,Glass,2,524,524
Glass/Glass_277.jpg,Glass,2,524,524
Glass/Glass_278.jpg,Glass,2,524,524
Glass/Glass_279.jpg,Glass,2,524,524
Glass/Glass_28.jpg,Glass,2,524,524
Glass/Glass_280.jpg,Glass,2,524,524
Glass/Glass_281.jpg,Glass,2,524,524
Glass/Glass_282.jpg,Glass,2,524,524
Glass/Glass_283.jpg,Glass,2,524,524
Glass/Glass_284.jpg,Glass,2,524,524
Glass/Glass_285.jpg,Glass,2,524,524
Glass/Glass_286.jpg,Glass,2,524,524
Glass/Glass_287.jpg,Glass,2,524,524
Glass/Glass_288.jpg,Glass,2,524,524
Glass/Glass_289.jpg,Glass,2,524,524
Glass/Glass_29.jpg,Glass,2,524,524
Glass/Glass_290.jpg,Glass,2,524,524
Glass/Glass_291.jpg,Glass,2,524,524
Glass/Glass_292.jpg,Glass,2,524,524
Glass/Glass_293.jpg,Glass,2,524,524
Glass/Glass_294.jpg,Glass,2,524,524
Glass/Glass_295.jpg,Glass,2,524,524
Glass/Glass_296.jpg,Glass,2,524,524
Glass/Glass_297.jpg,Glass,2,524,524
Glass/Glass_298.jpg,Glass,2,524,524
Glass/Glass_299.jpg,Glass,2,524,524
Glass/Glass_3.jpg,Glass,2,524,524
Glass/Glass_30.jpg,Glass,2,524,524
Glass/Glass_300.jpg,Glass,2,524,524
Glass/Glass_301.jpg,Glass,2,524,524
Glass/Glass_302.jpg,Glass,2,524,524
Glass/Glass_303.jpg,Glass,2,524,524
Glass/Glass_304.jpg,Glass,2,524,524
Glass/Glass_305.jpg,Glass,2,524,524
Glass/Glass_306.jpg,Glass,2,524,524
Glass/Glass_307.jpg,Glass,2,524,524
Glass/Glass_308.jpg,Glass,2,524,524
Glass/Glass_309.jpg,Glass,2,524,524
Glass/Glass_31.jpg,Glass,2,524,524
Glass/Glass_310.jpg,Glass,2,524,524
Glass/Glass_311.jpg,Glass,2,524,524
Glass/Glass_312.jpg,Glass,2,524,524
Glass/Glass_313.jpg,Glass,2,524,524
Glass/Glass_314.jpg,Glass,2,524,524
Glass/Glass_315.jpg,Glass,2,524,524
Glass/Glass_316.jpg,Glass,2,524,524
Glass/Glass_317.jpg,Glass,2,524,524
Glass/Glass_318.jpg,Glass,2,524,524
Glass/Glass_319.jpg,Glass,2,524,524
Glass/Glass_32.jpg,Glass,2,524,524
Glass/Glass_320.jpg,Glass,2,524,524
Glass/Glass_321.jpg,Glass,2,524,524
Glass/Glass_322.jpg,Glass,2,524,524
Glass/Glass_323.jpg,Glass,2,524,524
Glass/Glass_324.jpg,Glass,2,524,524
Glass/Glass_325.jpg,Glass,2,524,524
Glass/Glass_326.jpg,Glass,2,524,524
Glass/Glass_327.jpg,Glass,2,524,524
Glass/Glass_328.jpg,Glass,2,524,524
Glass/Glass_329.jpg,Glass,2,524,524
Glass/Glass_33.jpg,Glass,2,524,524
Glass/Glass_330.jpg,Glass,2,524,524
Glass/Glass_331.jpg,Glass,2,524,524
Glass/Glass_332.jpg,Glass,2,524,524
Glass/Glass_333.jpg,Glass,2,524,524
Glass/Glass_334.jpg,Glass,2,524,524
Glass/Glass_335.jpg,Glass,2,524,524
Glass/Glass_336.jpg,Glass,2,524,524
Glass/Glass_337.jpg,Glass,2,524,524
Glass/Glass_338.jpg,Glass,2,524,524
Glass/Glass_339.jpg,Glass,2,524,524
Glass/Glass_34.jpg,Glass,2,524,524
Glass/Glass_340.jpg,Glass,2,524,524
Glass/Glass_341.jpg,Glass,2,524,524
Glass/Glass_342.jpg,Glass,2,524,524
Glass/Glass_343.jpg,Glass,2,524,524
Glass/Glass_344.jpg,Glass,2,524,524
Glass/Glass_345.jpg,Glass,2,524,524
Glass/Glass_346.jpg,Glass,2,524,524
Glass/Glass_347.jpg,Glass,2,524,524
Glass/Glass_348.jpg,Glass,2,524,524
Glass/Glass_349.jpg,Glass,2,524,524
Glass/Glass_35.jpg,Glass,2,524,524
Glass/Glass_350.jpg,Glass,2,524,524
Glass/Glass_351.jpg,Glass,2,524,524
Glass/Glass_352.jpg,Glass,2,524,524
Glass/Glass_353.jpg,Glass,2,524,524
Glass/Glass_354.jpg,Glass,2,524,524
Glass/Glass_355.jpg,Glass,2,524,524
Glass/Glass_356.jpg,Glass,2,524,524
Glass/Glass_357.jpg,Glass,2,524,524
Glass/Glass_358.jpg,Glass,2,524,524
Glass/Glass_359.jpg,Glass,2,524,524
Glass/Glass_36.jpg,Glass,2,524,524
Glass/Glass_360.jpg,Glass,2,524,524
Glass/Glass_361.jpg,Glass,2,524,524
Glass/Glass_362.jpg,Glass,2,524,524
Glass/Glass_363.jpg,Glass,2,524,524
Glass/Glass_364.jpg,Glass,2,524,524
Glass/Glass_365.jpg,Glass,2,524,524
Glass/Glass_366.jpg,Glass,2,524,524
Glass/Glass_367.jpg,Glass,2,524,524
Glass/Glass_368.jpg,Glass,2,524,524
Glass/Glass_369.jpg,Glass,2,524,524
Glass/Glass_37.jpg,Glass,2,524,524
Glass/Glass_370.jpg,Glass,2,524,524
Glass/Glass_371.jpg,Glass,2,524,524
Glass/Glass_372.jpg,Glass,2,524,524
Glass/Glass_373.jpg,Glass,2,524,524
Glass/Glass_374.jpg,Glass,2,524,524
Glass/Glass_375.jpg,Glass,2,524,524
Glass/Glass_376.jpg,Glass,2,524,524
Glass/Glass_377.jpg,Glass,2,524,524
Glass/Glass_378.jpg,Glass,2,524,524
Glass/Glass_379.jpg,Glass,2,524,524
Glass/Glass_38.jpg,Glass,2,524,524
Glass/Glass_380.jpg,Glass,2,524,524
Glass/Glass_381.jpg,Glass,2,524,524
Glass/Glass_382.jpg,Glass,2,524,524
Glass/Glass_383.jpg,Glass,2,524,524
Glass/Glass_384.jpg,Glass,2,524,524
Glass/Glass_385.jpg,Glass,2,524,524
Glass/Glass_386.jpg,Glass,2,524,524
Glass/Glass_387.jpg,Glass,2,524,524
Glass/Glass_388.jpg,Glass,2,524,524
Glass/Glass_389.jpg,Glass,2,524,524
Glass/Glass_39.jpg,Glass,2,524,524
Glass/Glass_390.jpg,Glass,2,524,524
Glass/Glass_391.jpg,Glass,2,524,524
Glass/Glass_392.jpg,Glass,2,524,524
Glass/Glass_393.jpg,Glass,2,524,524
Glass/Glass_394.jpg,Glass,2,524,524
Glass/Glass_395.jpg,Glass,2,524,524
Glass/Glass_396.jpg,Glass,2,524,524
Glass/Glass_397.jpg,Glass,2,524,524
Glass/Glass_398.jpg,Glass,2,524,524
Glass/Glass_399.jpg,Glass,2,524,524
Glass/Glass_4.jpg,Glass,2,524,524
Glass/Glass_40.jpg,Glass,2,524,524
Glass/Glass_400.jpg,Glass,2,524,524
Glass/Glass_401.jpg,Glass,2,524,524
Glass/Glass_402.jpg,Glass,2,524,524
Glass/Glass_403.jpg,Glass,2,524,524
Glass/Glass_404.jpg,Glass,2,524,524
Glass/Glass_405.jpg,Glass,2,524,524
Glass/Glass_406.jpg,Glass,2,524,524
Glass/Glass_407.jpg,Glass,2,524,524
Glass/Glass_408.jpg,Glass,2,524,524
Glass/Glass_409.jpg,Glass,2,524,524
Glass/Glass_41.jpg,Glass,2,524,524
Glass/Glass_410.jpg,Glass,2,524,524
Glass/Glass_411.jpg,Glass,2,524,524
Glass/Glass_412.jpg,Glass,2,524,524
Glass/Glass_413.jpg,Glass,2,524,524
Glass/Glass_414.jpg,Glass,2,524,524
Glass/Glass_415.jpg,Glass,2,524,524
Glass/Glass_416.jpg,Glass,2,524,524
Glass/Glass_417.jpg,Glass,2,524,524
Glass/Glass_418.jpg,Glass,2,524,524
Glass/Glass_419.jpg,Glass,2,524,524
Glass/Glass_42.jpg,Glass,2,524,524
Glass/Glass_420.jpg,Glass,2,524,524
Glass/Glass_43.jpg,Glass,2,524,524
Glass/Glass_44.jpg,Glass,2,524,524
Glass/Glass_45.jpg,Glass,2,524,524
Glass/Glass_46.jpg,Glass,2,524,524
Glass/Glass_47.jpg,Glass,2,524,524
Glass/Glass_48.jpg,Glass,2,524,524
Glass/Glass_49.jpg,Glass,2,524,524
Glass/Glass_5.jpg,Glass,2,524,524
Glass/Glass_50.jpg,Glass,2,524,524
Glass/Glass_51.jpg,Glass,2,524,524
Glass/Glass_52.jpg,Glass,2,524,524
Glass/Glass_53.jpg,Glass,2,524,524
Glass/Glass_54.jpg,Glass,2,524,524
Glass/Glass_55.jpg,Glass,2,524,524
Glass/Glass_56.jpg,Glass,2,524,524
Glass/Glass_57.jpg,Glass,2,524,524
Glass/Glass_58.jpg,Glass,2,524,524
Glass/Glass_59.jpg,Glass,2,524,524
Glass/Glass_6.jpg,Glass,2,524,524
Glass/Glass_60.jpg,Glass,2,524,524
Glass/Glass_61.jpg,Glass,2,524,524
Glass/Glass_62.jpg,Glass,2,524,524
Glass/Glass_63.jpg,Glass,2,524,524
Glass/Glass_64.jpg,Glass,2,524,524
Glass/Glass_65.jpg,Glass,2,524,524
Glass/Glass_66.jpg,Glass,2,524,524
Glass/Glass_67.jpg,Glass,2,524,524
Glass/Glass_68.jpg,Glass,2,524,524
Glass/Glass_69.jpg,Glass,2,524,524
Glass/Glass_7.jpg,Glass,2,524,524
Glass/Glass_70.jpg,Glass,2,524,524
Glass/Glass_71.jpg,Glass,2,524,524
Glass/Glass_72.jpg,Glass,2,524,524
Glass/Glass_73.jpg,Glass,2,524,524
Glass/Glass_74.jpg,Glass,2,524,524
Glass/Glass_75.jpg,Glass,2,524,524
Glass/Glass_76.jpg,Glass,2,524,524
Glass/Glass_77.jpg,Glass,2,524,524
Glass/Glass_78.jpg,Glass,2,524,524
Glass/Glass_79.jpg,Glass,2,524,524
Glass/Glass_8.jpg,Glass,2,524,524
Glass/Glass_80.jpg,Glass,2,524,524
Glass/Glass_81.jpg,Glass,2,524,524
Glass/Glass_82.jpg,Glass,2,524,524
Glass/Glass_83.jpg,Glass,2,524,524
Glass/Glass_84.jpg,Glass,2,524,524
Glass/Glass_85.jpg,Glass,2,524,524
Glass/Glass_86.jpg,Glass,2,524,524
Glass/Glass_87.jpg,Glass,2,524,524
Glass/Glass_88.jpg,Glass,2,524,524
Glass/Glass_89.jpg,Glass,2,524,524
Glass/Glass_9.jpg,Glass,2,524,524
Glass/Glass_90.jpg,Glass,2,524,524
Glass/Glass_91.jpg,Glass,2,524,524
Glass/Glass_92.jpg,Glass,2,524,524
Glass/Glass_93.jpg,Glass,2,524,524
Glass/Glass_94.jpg,Glass,2,524,524
Glass/Glass_95.jpg,Glass,2,524,524
Glass/Glass_96.jpg,Glass,2,524,524
Glass/Glass_97.jpg,Glass,2,524,524
Glass/Glass_98.jpg,Glass,2,524,524
Glass/Glass_99.jpg,Glass,2,524,524
Metal/Metal_1.jpg,Metal,3,524,524
Metal/Metal_10.jpg,Metal,3,524,524
Metal/Metal_100.jpg,Metal,3,524,524
Metal/Metal_101.jpg,Metal,3,524,524
Metal/Metal_102.jpg,Metal,3,524,524
Metal/Metal_103.jpg,Metal,3,524,524
Metal/Metal_104.jpg,Metal,3,524,524
Metal/Metal_105.jpg,Metal,3,524,524
Metal/Metal_106.jpg,Metal,3,524,524
Metal/Metal_107.jpg,Metal,3,524,524
Metal/Metal_108.jpg,Metal,3,524,524
Metal/Metal_109.jpg,Metal,3,524,524
Metal/Metal_11.jpg,Metal,3,524,524
Metal/Metal_110.jpg,Metal,3,524,524
Metal/Metal_111.jpg,Metal,3,524,524
Metal/Metal_112.jpg,Metal,3,524,524
Metal/Metal_113.jpg,Metal,3,524,524
Metal/Metal_114.jpg,Metal,3,524,524
Metal/Metal_115.jpg,Metal,3,524,524
Metal/Metal_116.jpg,Metal,3,524,524
Metal/Metal_117.jpg,Metal,3,524,524
Metal/Metal_118.jpg,Metal,3,524,524
Metal/Metal_119.jpg,Metal,3,524,524
Metal/Metal_12.jpg,Metal,3,524,524
Metal/Metal_120.jpg,Metal,3,524,524
Metal/Metal_121.jpg,Metal,3,524,524
Metal/Metal_122.jpg,Metal,3,524,524
Metal/Metal_123.jpg,Metal,3,524,524
Metal/Metal_124.jpg,Metal,3,524,524
Metal/Metal_125.jpg,Metal,3,524,524
Metal/Metal_126.jpg,Metal,3,524,524
Metal/Metal_127.jpg,Metal,3,524,524
Metal/Metal_128.jpg,Metal,3,524,524
Metal/Metal_129.jpg,Metal,3,524,524
Metal/Metal_13.jpg,Metal,3,524,524
Metal/Metal_130.jpg,Metal,3,524,524
Metal/Metal_131.jpg,Metal,3,524,524
Metal/Metal_132.jpg,Metal,3,524,524
Metal/Metal_133.jpg,Metal,3,524,524
Metal/Metal_134.jpg,Metal,3,524,524
Metal/Metal_135.jpg,Metal,3,524,524
Metal/Metal_136.jpg,Metal,3,524,524
Metal/Metal_137.jpg,Metal,3,524,524
Metal/Metal_138.jpg,Metal,3,524,524
Metal/Metal_139.jpg,Metal,3,524,524
Metal/Metal_14.jpg,Metal,3,524,524
Metal/Metal_140.jpg,Metal,3,524,524
Metal/Metal_141.jpg,Metal,3,524,524
Metal/Metal_142.jpg,Metal,3,524,524
Metal/Metal_143.jpg,Metal,3,524,524
Metal/Metal_144.jpg,Metal,3,524,524
Metal/Metal_145.jpg,Metal,3,524,524
Metal/Metal_146.jpg,Metal,3,524,524
Metal/Metal_147.jpg,Metal,3,524,524
Metal/Metal_148.jpg,Metal,3,524,524
Metal/Metal_149.jpg,Metal,3,524,524
Metal/Metal_15.jpg,Metal,3,524,524
Metal/Metal_150.jpg,Metal,3,524,524
Metal/Metal_151.jpg,Metal,3,524,524
Metal/Metal_152.jpg,Metal,3,524,524
Metal/Metal_153.jpg,Metal,3,524,524
Metal/Metal_154.jpg,Metal,3,524,524
Metal/Metal_155.jpg,Metal,3,524,524
Metal/Metal_156.jpg,Metal,3,524,524
Metal/Metal_157.jpg,Metal,3,524,524
Metal/Metal_158.jpg,Metal,3,524,524
Metal/Metal_159.jpg,Metal,3,524,524
Metal/Metal_16.jpg,Metal,3,524,524
Metal/Metal_160.jpg,Metal,3,524,524
Metal/Metal_161.jpg,Metal,3,524,524
Metal/Metal_162.jpg,Metal,3,524,524
Metal/Metal_163.jpg,Metal,3,524,524
Metal/Metal_164.jpg,Metal,3,524,524
Metal/Metal_165.jpg,Metal,3,524,524
Metal/Metal_166.jpg,Metal,3,524,524
Metal/Metal_167.jpg,Metal,3,524,524
Metal/Metal_168.jpg,Metal,3,524,524
Metal/Metal_169.jpg,Metal,3,524,524
Metal/Metal_17.jpg,Metal,3,524,524
Metal/Metal_170.jpg,Metal,3,524,524
Metal/Metal_171.jpg,Metal,3,524,524
Metal/Metal_172.jpg,Metal,3,524,524
Metal/Metal_173.jpg,Metal,3,524,524
Metal/Metal_174.jpg,Metal,3,524,524
Metal/Metal_175.jpg,Metal,3,524,524
Metal/Metal_176.jpg,Metal,3,524,524
Metal/Metal_177.jpg,Metal,3,524,524
Metal/Metal_178.jpg,Metal,3,524,524
Metal/Metal_179.jpg,Metal,3,524,524
Metal/Metal_18.jpg,Metal,3,524,524
Metal/Metal_180.jpg,Metal,3,524,524
Metal/Metal_181.jpg,Metal,3,524,524
Metal/Metal_182.jpg,Metal,3,524,524
Metal/Metal_183.jpg,Metal,3,524,524
Metal/Metal_184.jpg,Metal,3,524,524
Metal/Metal_185.jpg,Metal,3,524,524
Metal/Metal_186.jpg,Metal,3,524,524
Metal/Metal_187.jpg,Metal,3,524,524
Metal/Metal_188.jpg,Metal,3,524,524
Metal/Metal_189.jpg,Metal,3,524,524
Metal/Metal_19.jpg,Metal,3,524,524
Metal/Metal_190.jpg,Metal,3,524,524
Metal/Metal_191.jpg,Metal,3,524,524
Metal/Metal_192.jpg,Metal,3,524,524
Metal/Metal_193.jpg,Metal,3,524,524
Metal/Metal_194.jpg,Metal,3,524,524
Metal/Metal_195.jpg,Metal,3,524,524
Metal/Metal_196.jpg,Metal,3,524,524
Metal/Metal_197.jpg,Metal,3,524,524
Metal/Metal_198.jpg,Metal,3,524,524
Metal/Metal_199.jpg,Metal,3,524,524
Metal/Metal_2.jpg,Metal,3,524,524
Metal/Metal_20.jpg,Metal,3,524,524
Metal/Metal_200.jpg,Metal,3,524,524
Metal/Metal_201.jpg,Metal,3,524,524
Metal/Metal_202.jpg,Metal,3,524,524
Metal/Metal_203.jpg,Metal,3,524,524
Metal/Metal_204.jpg,Metal,3,524,524
Metal/Metal_205.jpg,Metal,3,524,524
Metal/Metal_206.jpg,Metal,3,524,524
Metal/Metal_207.jpg,Metal,3,524,524
Metal/Metal_208.jpg,Metal,3,524,524
Metal/Metal_209.jpg,Metal,3,524,524
Metal/Metal_21.jpg,Metal,3,524,524
Metal/Metal_210.jpg,Metal,3,524,524
Metal/Metal_211.jpg,Metal,3,524,524
Metal/Metal_212.jpg,Metal,3,524,524
Metal/Metal_213.jpg,Metal,3,524,524
Metal/Metal_214.jpg,Metal,3,524,524
Metal/Metal_215.jpg,Metal,3,524,524
Metal/Metal_216.jpg,Metal,3,524,524
Metal/Metal_217.jpg,Metal,3,524,524
Metal/Metal_218.jpg,Metal,3,524,524
Metal/Metal_219.jpg,Metal,3,524,524
Metal/Metal_22.jpg,Metal,3,524,524
Metal/Metal_220.jpg,Metal,3,524,524
Metal/Metal_221.jpg,Metal,3,524,524
Metal/Metal_222.jpg,Metal,3,524,524
Metal/Metal_223.jpg,Metal,3,524,524
Metal/Metal_224.jpg,Metal,3,524,524
Metal/Metal_225.jpg,Metal,3,524,524
Metal/Metal_226.jpg,Metal,3,524,524
Metal/Metal_227.jpg,Metal,3,524,524
Metal/Metal_228.jpg,Metal,3,524,524
Metal/Metal_229.jpg,Metal,3,524,524
Metal/Metal_23.jpg,Metal,3,524,524
Metal/Metal_230.jpg,Metal,3,524,524
Metal/Metal_231.jpg,Metal,3,524,524
Metal/Metal_232.jpg,Metal,3,524,524
Metal/Metal_233.jpg,Metal,3,524,524
Metal/Metal_234.jpg,Metal,3,524,524
Metal/Metal_235.jpg,Metal,3,524,524
Metal/Metal_236.jpg,Metal,3,524,524
Metal/Metal_237.jpg,Metal,3,524,524
Metal/Metal_238.jpg,Metal,3,524,524
Metal/Metal_239.jpg,Metal,3,524,524
Metal/Metal_24.jpg,Metal,3,524,524
Metal/Metal_240.jpg,Metal,3,524,524
Metal/Metal_241.jpg,Metal,3,524,524
Metal/Metal_242.jpg,Metal,3,524,524
Metal/Metal_243.jpg,Metal,3,524,524
Metal/Metal_244.jpg,Metal,3,524,524
Metal/Metal_245.jpg,Metal,3,524,524
Metal/Metal_246.jpg,Metal,3,524,524
Metal/Metal_247.jpg,Metal,3,524,524
Metal/Metal_248.jpg,Metal,3,524,524
Metal/Metal_249.jpg,Metal,3,524,524
Metal/Metal_25.jpg,Metal,3,524,524
Metal/Metal_250.jpg,Metal,3,524,524
Metal/Metal_251.jpg,Metal,3,524,524
Metal/Metal_252.jpg,Metal,3,524,524
Metal/Metal_253.jpg,Metal,3,524,524
Metal/Metal_254.jpg,Metal,3,524,524
Metal/Metal_255.jpg,Metal,3,524,524
Metal/Metal_256.jpg,Metal,3,524,524
Metal/Metal_257.jpg,Metal,3,524,524
Metal/Metal_258.jpg,Metal,3,524,524
Metal/Metal_259.jpg,Metal,3,524,524
Metal/Metal_26.jpg,Metal,3,524,524
Metal/Metal_260.jpg,Metal,3,524,524
Metal/Metal_261.jpg,Metal,3,524,524
Metal/Metal_262.jpg,Metal,3,524,524
Metal/Metal_263.jpg,Metal,3,524,524
Metal/Metal_264.jpg,Metal,3,524,524
Metal/Metal_265.jpg,Metal,3,524,524
Metal/Metal_266.jpg,Metal,3,524,524
Metal/Metal_267.jpg,Metal,3,524,524
Metal/Metal_268.jpg,Metal,3,524,524
Metal/Metal_269.jpg,Metal,3,524,524
Metal/Metal_27.jpg,Metal,3,524,524
Metal/Metal_270.jpg,Metal,3,524,524
Metal/Metal_271.jpg,Metal,3,524,524
Metal/Metal_272.jpg,Metal,3,524,524
Metal/Metal_273.jpg,Metal,3,524,524
Metal/Metal_274.jpg,Metal,3,524,524
Metal/Metal_275.jpg,Metal,3,524,524
Metal/Metal_276.jpg,Metal,3,524,524
Metal/Metal_277.jpg,Metal,3,524,524
Metal/Metal_278.jpg,Metal,3,524,524
Metal/Metal_279.jpg,Metal,3,524,524
Metal/Metal_28.jpg,Metal,3,524,524
Metal/Metal_280.jpg,Metal,3,524,524
Metal/Metal_281.jpg,Metal,3,524,524
Metal/Metal_282.jpg,Metal,3,524,524
Metal/Metal_283.jpg,Metal,3,524,524
Metal/Metal_284.jpg,Metal,3,524,524
Metal/Metal_285.jpg,Metal,3,524,524
Metal/Metal_286.jpg,Metal,3,524,524
Metal/Metal_287.jpg,Metal,3,524,524
Metal/Metal_288.jpg,Metal,3,524,524
Metal/Metal_289.jpg,Metal,3,524,524
Metal/Metal_29.jpg,Metal,3,524,524
Metal/Metal_290.jpg,Metal,3,524,524
Metal/Metal_291.jpg,Metal,3,524,524
Metal/Metal_292.jpg,Metal,3,524,524
Metal/Metal_293.jpg,Metal,3,524,524
Metal/Metal_294.jpg,Metal,3,524,524
Metal/Metal_295.jpg,Metal,3,524,524
Metal/Metal_296.jpg,Metal,3,524,524
Metal/Metal_297.jpg,Metal,3,524,524
Metal/Metal_298.jpg,Metal,3,524,524
Metal/Metal_299.jpg,Metal,3,524,524
Metal/Metal_3.jpg,Metal,3,524,524
Metal/Metal_30.jpg,Metal,3,524,524
Metal/Metal_300.jpg,Metal,3,524,524
Metal/Metal_301.jpg,Metal,3,524,524
Metal/Metal_302.jpg,Metal,3,524,524
Metal/Metal_303.jpg,Metal,3,524,524
Metal/Metal_304.jpg,Metal,3,524,524
Metal/Metal_305.jpg,Metal,3,524,524
Metal/Metal_306.jpg,Metal,3,524,524
Metal/Metal_307.jpg,Metal,3,524,524
Metal/Metal_308.jpg,Metal,3,524,524
Metal/Metal_309.jpg,Metal,3,524,524
Metal/Metal_31.jpg,Metal,3,524,524
Metal/Metal_310.jpg,Metal,3,524,524
Metal/Metal_311.jpg,Metal,3,524,524
Metal/Metal_312.jpg,Metal,3,524,524
Metal/Metal_313.jpg,Metal,3,524,524
Metal/Metal_314.jpg,Metal,3,524,524
Metal/Metal_315.jpg,Metal,3,524,524
Metal/Metal_316.jpg,Metal,3,524,524
Metal/Metal_317.jpg,Metal,3,524,524
Metal/Metal_318.jpg,Metal,3,524,524
Metal/Metal_319.jpg,Metal,3,524,524
Metal/Metal_32.jpg,Metal,3,524,524
Metal/Metal_320.jpg,Metal,3,524,524
Metal/Metal_321.jpg,Metal,3,524,524
Metal/Metal_322.jpg,Metal,3,524,524
Metal/Metal_323.jpg,Metal,3,524,524
Metal/Metal_324.jpg,Metal,3,524,524
Metal/Metal_325.jpg,Metal,3,524,524
Metal/Metal_326.jpg,Metal,3,524,524
Metal/Metal_327.jpg,Metal,3,524,524
Metal/Metal_328.jpg,Metal,3,524,524
Metal/Metal_329.jpg,Metal,3,524,524
Metal/Metal_33.jpg,Metal,3,524,524
Metal/Metal_330.jpg,Metal,3,524,524
Metal/Metal_331.jpg,Metal,3,524,524
Metal/Metal_332.jpg,Metal,3,524,524
Metal/Metal_333.jpg,Metal,3,524,524
Metal/Metal_334.jpg,Metal,3,524,524
Metal/Metal_335.jpg,Metal,3,524,524
Metal/Metal_336.jpg,Metal,3,524,524
Metal/Metal_337.jpg,Metal,3,524,524
Metal/Metal_338.jpg,Metal,3,524,524
Metal/Metal_339.jpg,Metal,3,524,524
Metal/Metal_34.jpg,Metal,3,524,524
Metal/Metal_340.jpg,Metal,3,524,524
Metal/Metal_341.jpg,Metal,3,524,524
Metal/Metal_342.jpg,Metal,3,524,524
Metal/Metal_343.jpg,Metal,3,524,524
Metal/Metal_344.jpg,Metal,3,524,524
Metal/Metal_345.jpg,Metal,3,524,524
Metal/Metal_346.jpg,Metal,3,524,524
Metal/Metal_347.jpg,Metal,3,524,524
Metal/Metal_348.jpg,Metal,3,524,524
Metal/Metal_349.jpg,Metal,3,524,524
Metal/Metal_35.jpg,Metal,3,524,524
Metal/Metal_350.jpg,Metal,3,524,524
Metal/Metal_351.jpg,Metal,3,524,524
Metal/Metal_352.jpg,Metal,3,524,524
Metal/Metal_353.jpg,Metal,3,524,524
Metal/Metal_354.jpg,Metal,3,524,524
Metal/Metal_355.jpg,Metal,3,524,524
Metal/Metal_356.jpg,Metal,3,524,524
Metal/Metal_357.jpg,Metal,3,524,524
Metal/Metal_358.jpg,Metal,3,524,524
Metal/Metal_359.jpg,Metal,3,524,524
Metal/Metal_36.jpg,Metal,3,524,524
Metal/Metal_360.jpg,Metal,3,524,524
Metal/Metal_361.jpg,Metal,3,524,524
Metal/Metal_362.jpg,Metal,3,524,524
Metal/Metal_363.jpg,Metal,3,524,524
Metal/Metal_364.jpg,Metal,3,524,524
Metal/Metal_365.jpg,Metal,3,524,524
Metal/Metal_366.jpg,Metal,3,524,524
Metal/Metal_367.jpg,Metal,3,524,524
Metal/Metal_368.jpg,Metal,3,524,524
Metal/Metal_369.jpg,Metal,3,524,524
Metal/Metal_37.jpg,Metal,3,524,524
Metal/Metal_370.jpg,Metal,3,524,524
Metal/Metal_371.jpg,Metal,3,524,524
Metal/Metal_372.jpg,Metal,3,524,524
Metal/Metal_373.jpg,Metal,3,524,524
Metal/Metal_374.jpg,Metal,3,524,524
Metal/Metal_375.jpg,Metal,3,524,524
Metal/Metal_376.jpg,Metal,3,524,524
Metal/Metal_377.jpg,Metal,3,524,524
Metal/Metal_378.jpg,Metal,3,524,524
Metal/Metal_379.jpg,Metal,3,524,524
Metal/Metal_38.jpg,Metal,3,524,524
Metal/Metal_380.jpg,Metal,3,524,524
Metal/Metal_381.jpg,Metal,3,524,524
Metal/Metal_382.jpg,Metal,3,524,524
Metal/Metal_383.jpg,Metal,3,524,524
Metal/Metal_384.jpg,Metal,3,524,524
Metal/Metal_385.jpg,Metal,3,524,524
Metal/Metal_386.jpg,Metal,3,524,524
Metal/Metal_387.jpg,Metal,3,524,524
Metal/Metal_388.jpg,Metal,3,524,524
Metal/Metal_389.jpg,Metal,3,524,524
Metal/Metal_39.jpg,Metal,3,524,524
Metal/Metal_390.jpg,Metal,3,524,524
Metal/Metal_391.jpg,Metal,3,524,524
Metal/Metal_392.jpg,Metal,3,524,524
Metal/Metal_393.jpg,Metal,3,524,524
Metal/Metal_394.jpg,Metal,3,524,524
Metal/Metal_395.jpg,Metal,3,524,524
Metal/Metal_396.jpg,Metal,3,524,524
Metal/Metal_397.jpg,Metal,3,524,524
Metal/Metal_398.jpg,Metal,3,524,524
Metal/Metal_399.jpg,Metal,3,524,524
Metal/Metal_4.jpg,Metal,3,524,524
Metal/Metal_40.jpg,Metal,3,524,524
Metal/Metal_400.jpg,Metal,3,524,524
Metal/Metal_401.jpg,Metal,3,524,524
Metal/Metal_402.jpg,Metal,3,524,524
Metal/Metal_403.jpg,Metal,3,524,524
Metal/Metal_404.jpg,Metal,3,524,524
Metal/Metal_405.jpg,Metal,3,524,524
Metal/Metal_406.jpg,Metal,3,524,524
Metal/Metal_407.jpg,Metal,3,524,524
Metal/Metal_408.jpg,Metal,3,524,524
Metal/Metal_409.jpg,Metal,3,524,524
Metal/Metal_41.jpg,Metal,3,524,524
Metal/Metal_410.jpg,Metal,3,524,524
Metal/Metal_411.jpg,Metal,3,524,524
Metal/Metal_412.jpg,Metal,3,524,524
Metal/Metal_413.jpg,Metal,3,524,524
Metal/Metal_414.jpg,Metal,3,524,524
Metal/Metal_415.jpg,Metal,3,524,524
Metal/Metal_416.jpg,Metal,3,524,524
Metal/Metal_417.jpg,Metal,3,524,524
Metal/Metal_418.jpg,Metal,3,524,524
Metal/Metal_419.jpg,Metal,3,524,524
Metal/Metal_42.jpg,Metal,3,524,524
Metal/Metal_420.jpg,Metal,3,524,524
Metal/Metal_421.jpg,Metal,3,524,524
Metal/Metal_422.jpg,Metal,3,524,524
Metal/Metal_423.jpg,Metal,3,524,524
Metal/Metal_424.jpg,Metal,3,524,524
Metal/Metal_425.jpg,Metal,3,524,524
Metal/Metal_426.jpg,Metal,3,524,524
Metal/Metal_427.jpg,Metal,3,524,524
Metal/Metal_428.jpg,Metal,3,524,524
Metal/Metal_429.jpg,Metal,3,524,524
Metal/Metal_43.jpg,Metal,3,524,524
Metal/Metal_430.jpg,Metal,3,524,524
Metal/Metal_431.jpg,Metal,3,524,524
Metal/Metal_432.jpg,Metal,3,524,524
Metal/Metal_433.jpg,Metal,3,524,524
Metal/Metal_434.jpg,Metal,3,524,524
Metal/Metal_435.jpg,Metal,3,524,524
Metal/Metal_436.jpg,Metal,3,524,524
Metal/Metal_437.jpg,Metal,3,524,524
Metal/Metal_438.jpg,Metal,3,524,524
Metal/Metal_439.jpg,Metal,3,524,524
Metal/Metal_44.jpg,Metal,3,524,524
Metal/Metal_440.jpg,Metal,3,524,524
Metal/Metal_441.jpg,Metal,3,524,524
Metal/Metal_442.jpg,Metal,3,524,524
Metal/Metal_443.jpg,Metal,3,524,524
Metal/Metal_444.jpg,Metal,3,524,524
Metal/Metal_445.jpg,Metal,3,524,524
Metal/Metal_446.jpg,Metal,3,524,524
Metal/Metal_447.jpg,Metal,3,524,524
Metal/Metal_448.jpg,Metal,3,524,524
Metal/Metal_449.jpg,Metal,3,524,524
Metal/Metal_45.jpg,Metal,3,524,524
Metal/Metal_450.jpg,Metal,3,524,524
Metal/Metal_451.jpg,Metal,3,524,524
Metal/Metal_452.jpg,Metal,3,524,524
Metal/Metal_453.jpg,Metal,3,524,524
Metal/Metal_454.jpg,Metal,3,524,524
Metal/Metal_455.jpg,Metal,3,524,524
Metal/Metal_456.jpg,Metal,3,524,524
Metal/Metal_457.jpg,Metal,3,524,524
Metal/Metal_458.jpg,Metal,3,524,524
Metal/Metal_459.jpg,Metal,3,524,524
Metal/Metal_46.jpg,Metal,3,524,524
Metal/Metal_460.jpg,Metal,3,524,524
Metal/Metal_461.jpg,Metal,3,524,524
Metal/Metal_462.jpg,Metal,3,524,524
Metal/Metal_463.jpg,Metal,3,524,524
Metal/Metal_464.jpg,Metal,3,524,524
Metal/Metal_465.jpg,Metal,3,524,524
Metal/Metal_466.jpg,Metal,3,524,524
Metal/Metal_467.jpg,Metal,3,524,524
Metal/Metal_468.jpg,Metal,3,524,524
Metal/Metal_469.jpg,Metal,3,524,524
Metal/Metal_47.jpg,Metal,3,524,524
Metal/Metal_470.jpg,Metal,3,524,524
Metal/Metal_471.jpg,Metal,3,524,524
Metal/Metal_472.jpg,Metal,3,524,524
Metal/Metal_473.jpg,Metal,3,524,524
Metal/Metal_474.jpg,Metal,3,524,524
Metal/Metal_475.jpg,Metal,3,524,524
Metal/Metal_476.jpg,Metal,3,524,524
Metal/Metal_477.jpg,Metal,3,524,524
Metal/Metal_478.jpg,Metal,3,524,524
Metal/Metal_479.jpg,Metal,3,524,524
Metal/Metal_48.jpg,Metal,3,524,524
Metal/Metal_480.jpg,Metal,3,524,524
Metal/Metal_481.jpg,Metal,3,524,524
Metal/Metal_482.jpg,Metal,3,524,524
Metal/Metal_483.jpg,Metal,3,524,524
Metal/Metal_484.jpg,Metal,3,524,524
Metal/Metal_485.jpg,Metal,3,524,524
Metal/Metal_486.jpg,Metal,3,524,524
Metal/Metal_487.jpg,Metal,3,524,524
Metal/Metal_488.jpg,Metal,3,524,524
Metal/Metal_489.jpg,Metal,3,524,524
Metal/Metal_49.jpg,Metal,3,524,524
Metal/Metal_490.jpg,Metal,3,524,524
Metal/Metal_491.jpg,Metal,3,524,524
Metal/Metal_492.jpg,Metal,3,524,524
Metal/Metal_493.jpg,Metal,3,524,524
Metal/Metal_494.jpg,Metal,3,524,524
Metal/Metal_495.jpg,Metal,3,524,524
Metal/Metal_496.jpg,Metal,3,524,524
Metal/Metal_497.jpg,Metal,3,524,524
Metal/Metal_498.jpg,Metal,3,524,524
Metal/Metal_499.jpg,Metal,3,524,524
Metal/Metal_5.jpg,Metal,3,524,524
Metal/Metal_50.jpg,Metal,3,524,524
Metal/Metal_500.jpg,Metal,3,524,524
Metal/Metal_501.jpg,Metal,3,524,524
Metal/Metal_502.jpg,Metal,3,524,524
Metal/Metal_503.jpg,Metal,3,524,524
Metal/Metal_504.jpg,Metal,3,524,524
Metal/Metal_505.jpg,Metal,3,524,524
Metal/Metal_506.jpg,Metal,3,524,524
Metal/Metal_507.jpg,Metal,3,524,524
Metal/Metal_508.jpg,Metal,3,524,524
Metal/Metal_509.jpg,Metal,3,524,524
Metal/Metal_51.jpg,Metal,3,524,524
Metal/Metal_510.jpg,Metal,3,524,524
Metal/Metal_511.jpg,Metal,3,524,524
Metal/Metal_512.jpg,Metal,3,524,524
Metal/Metal_513.jpg,Metal,3,524,524
Metal/Metal_514.jpg,Metal,3,524,524
Metal/Metal_515.jpg,Metal,3,524,524
Metal/Metal_516.jpg,Metal,3,524,524
Metal/Metal_517.jpg,Metal,3,524,524
Metal/Metal_518.jpg,Metal,3,524,524
Metal/Metal_519.jpg,Metal,3,524,524
Metal/Metal_52.jpg,Metal,3,524,524
Metal/Metal_520.jpg,Metal,3,524,524
Metal/Metal_521.jpg,Metal,3,524,524
Metal/Metal_522.jpg,Metal,3,524,524
Metal/Metal_523.jpg,Metal,3,524,524
Metal/Metal_524.jpg,Metal,3,524,524
Metal/Metal_525.jpg,Metal,3,524,524
Metal/Metal_526.jpg,Metal,3,524,524
Metal/Metal_527.jpg,Metal,3,524,524
Metal/Metal_528.jpg,Metal,3,524,524
Metal/Metal_529.jpg,Metal,3,524,524
Metal/Metal_53.jpg,Metal,3,524,524
Metal/Metal_530.jpg,Metal,3,524,524
Metal/Metal_531.jpg,Metal,3,524,524
Metal/Metal_532.jpg,Metal,3,524,524
Metal/Metal_533.jpg,Metal,3,524,524
Metal/Metal_534.jpg,Metal,3,524,524
Metal/Metal_535.jpg,Metal,3,524,524
Metal/Metal_536.jpg,Metal,3,524,524
Metal/Metal_537.jpg,Metal,3,524,524
Metal/Metal_538.jpg,Metal,3,524,524
Metal/Metal_539.jpg,Metal,3,524,524
Metal/Metal_54.jpg,Metal,3,524,524
Metal/Metal_540.jpg,Metal,3,524,524
Metal/Metal_541.jpg,Metal,3,524,524
Metal/Metal_542.jpg,Metal,3,524,524
Metal/Metal_543.jpg,Metal,3,524,524
Metal/Metal_544.jpg,Metal,3,524,524
Metal/Metal_545.jpg,Metal,3,524,524
Metal/Metal_546.jpg,Metal,3,524,524
Metal/Metal_547.jpg,Metal,3,524,524
Metal/Metal_548.jpg,Metal,3,524,524
Metal/Metal_549.jpg,Metal,3,524,524
Metal/Metal_55.jpg,Metal,3,524,524
Metal/Metal_550.jpg,Metal,3,524,524
Metal/Metal_551.jpg,Metal,3,524,524
Metal/Metal_552.jpg,Metal,3,524,524
Metal/Metal_553.jpg,Metal,3,524,524
Metal/Metal_554.jpg,Metal,3,524,524
Metal/Metal_555.jpg,Metal,3,524,524
Metal/Metal_556.jpg,Metal,3,524,524
Metal/Metal_557.jpg,Metal,3,524,524
Metal/Metal_558.jpg,Metal,3,524,524
Metal/Metal_559.jpg,Metal,3,524,524
Metal/Metal_56.jpg,Metal,3,524,524
Metal/Metal_560.jpg,Metal,3,524,524
Metal/Metal_561.jpg,Metal,3,524,524
Metal/Metal_562.jpg,Metal,3,524,524
Metal/Metal_563.jpg,Metal,3,524,524
Metal/Metal_564.jpg,Metal,3,524,524
Metal/Metal_565.jpg,Metal,3,524,524
Metal/Metal_566.jpg,Metal,3,524,524
Metal/Metal_567.jpg,Metal,3,524,524
Metal/Metal_568.jpg,Metal,3,524,524
Metal/Metal_569.jpg,Metal,3,524,524
Metal/Metal_57.jpg,Metal,3,524,524
Metal/Metal_570.jpg,Metal,3,524,524
Metal/Metal_571.jpg,Metal,3,524,524
Metal/Metal_572.jpg,Metal,3,524,524
Metal/Metal_573.jpg,Metal,3,524,524
Metal/Metal_574.jpg,Metal,3,524,524
Metal/Metal_575.jpg,Metal,3,524,524
Metal/Metal_576.jpg,Metal,3,524,524
Metal/Metal_577.jpg,Metal,3,524,524
Metal/Metal_578.jpg,Metal,3,524,524
Metal/Metal_579.jpg,Metal,3,524,524
Metal/Metal_58.jpg,Metal,3,524,524
Metal/Metal_580.jpg,Metal,3,524,524
Metal/Metal_581.jpg,Metal,3,524,524
Metal/Metal_582.jpg,Metal,3,524,524
Metal/Metal_583.jpg,Metal,3,524,524
Metal/Metal_584.jpg,Metal,3,524,524
Metal/Metal_585.jpg,Metal,3,524,524
Metal/Metal_586.jpg,Metal,3,524,524
Metal/Metal_587.jpg,Metal,3,524,524
Metal/Metal_588.jpg,Metal,3,524,524
Metal/Metal_589.jpg,Metal,3,524,524
Metal/Metal_59.jpg,Metal,3,524,524
Metal/Metal_590.jpg,Metal,3,524,524
Metal/Metal_591.jpg,Metal,3,524,524
Metal/Metal_592.jpg,Metal,3,524,524
Metal/Metal_593.jpg,Metal,3,524,524
Metal/Metal_594.jpg,Metal,3,524,524
Metal/Metal_595.jpg,Metal,3,524,524
Metal/Metal_596.jpg,Metal,3,524,524
Metal/Metal_597.jpg,Metal,3,524,524
Metal/Metal_598.jpg,Metal,3,524,524
Metal/Metal_599.jpg,Metal,3,524,524
Metal/Metal_6.jpg,Metal,3,524,524
Metal/Metal_60.jpg,Metal,3,524,524
Metal/Metal_600.jpg,Metal,3,524,524
Metal/Metal_601.jpg,Metal,3,524,524
Metal/Metal_602.jpg,Metal,3,524,524
Metal/Metal_603.jpg,Metal,3,524,524
Metal/Metal_604.jpg,Metal,3,524,524
Metal/Metal_605.jpg,Metal,3,524,524
Metal/Metal_606.jpg,Metal,3,524,524
Metal/Metal_607.jpg,Metal,3,524,524
Metal/Metal_608.jpg,Metal,3,524,524
Metal/Metal_609.jpg,Metal,3,524,524
Metal/Metal_61.jpg,Metal,3,524,524
Metal/Metal_610.jpg,Metal,3,524,524
Metal/Metal_611.jpg,Metal,3,524,524
Metal/Metal_612.jpg,Metal,3,524,524
Metal/Metal_613.jpg,Metal,3,524,524
Metal/Metal_614.jpg,Metal,3,524,524
Metal/Metal_615.jpg,Metal,3,524,524
Metal/Metal_616.jpg,Metal,3,524,524
Metal/Metal_617.jpg,Metal,3,524,524
Metal/Metal_618.jpg,Metal,3,524,524
Metal/Metal_619.jpg,Metal,3,524,524
Metal/Metal_62.jpg,Metal,3,524,524
Metal/Metal_620.jpg,Metal,3,524,524
Metal/Metal_621.jpg,Metal,3,524,524
Metal/Metal_622.jpg,Metal,3,524,524
Metal/Metal_623.jpg,Metal,3,524,524
Metal/Metal_624.jpg,Metal,3,524,524
Metal/Metal_625.jpg,Metal,3,524,524
Metal/Metal_626.jpg,Metal,3,524,524
Metal/Metal_627.jpg,Metal,3,524,524
Metal/Metal_628.jpg,Metal,3,524,524
Metal/Metal_629.jpg,Metal,3,524,524
Metal/Metal_63.jpg,Metal,3,524,524
Metal/Metal_630.jpg,Metal,3,524,524
Metal/Metal_631.jpg,Metal,3,524,524
Metal/Metal_632.jpg,Metal,3,524,524
Metal/Metal_633.jpg,Metal,3,524,524
Metal/Metal_634.jpg,Metal,3,524,524
Metal/Metal_635.jpg,Metal,3,524,524
Metal/Metal_636.jpg,Metal,3,524,524
Metal/Metal_637.jpg,Metal,3,524,524
Metal/Metal_638.jpg,Metal,3,524,524
Metal/Metal_639.jpg,Metal,3,524,524
Metal/Metal_64.jpg,Metal,3,524,524
Metal/Metal_640.jpg,Metal,3,524,524
Metal/Metal_641.jpg,Metal,3,524,524
Metal/Metal_642.jpg,Metal,3,524,524
Metal/Metal_643.jpg,Metal,3,524,524
Metal/Metal_644.jpg,Metal,3,524,524
Metal/Metal_645.jpg,Metal,3,524,524
Metal/Metal_646.jpg,Metal,3,524,524
Metal/Metal_647.jpg,Metal,3,524,524
Metal/Metal_648.jpg,Metal,3,524,524
Metal/Metal_649.jpg,Metal,3,524,524
Metal/Metal_65.jpg,Metal,3,524,524
Metal/Metal_650.jpg,Metal,3,524,524
Metal/Metal_651.jpg,Metal,3,524,524
Metal/Metal_652.jpg,Metal,3,524,524
Metal/Metal_653.jpg,Metal,3,524,524
Metal/Metal_654.jpg,Metal,3,524,524
Metal/Metal_655.jpg,Metal,3,524,524
Metal/Metal_656.jpg,Metal,3,524,524
Metal/Metal_657.jpg,Metal,3,524,524
Metal/Metal_658.jpg,Metal,3,524,524
Metal/Metal_659.jpg,Metal,3,524,524
Metal/Metal_66.jpg,Metal,3,524,524
Metal/Metal_660.jpg,Metal,3,524,524
Metal/Metal_661.jpg,Metal,3,524,524
Metal/Metal_662.jpg,Metal,3,524,524
Metal/Metal_663.jpg,Metal,3,524,524
Metal/Metal_664.jpg,Metal,3,524,524
Metal/Metal_665.jpg,Metal,3,524,524
Metal/Metal_666.jpg,Metal,3,524,524
Metal/Metal_667.jpg,Metal,3,524,524
Metal/Metal_668.jpg,Metal,3,524,524
Metal/Metal_669.jpg,Metal,3,524,524
Metal/Metal_67.jpg,Metal,3,524,524
Metal/Metal_670.jpg,Metal,3,524,524
Metal/Metal_671.jpg,Metal,3,524,524
Metal/Metal_672.jpg,Metal,3,524,524
Metal/Metal_673.jpg,Metal,3,524,524
Metal/Metal_674.jpg,Metal,3,524,524
Metal/Metal_675.jpg,Metal,3,524,524
Metal/Metal_676.jpg,Metal,3,524,524
Metal/Metal_677.jpg,Metal,3,524,524
Metal/Metal_678.jpg,Metal,3,524,524
Metal/Metal_679.jpg,Metal,3,524,524
Metal/Metal_68.jpg,Metal,3,524,524
Metal/Metal_680.jpg,Metal,3,524,524
Metal/Metal_681.jpg,Metal,3,524,524
Metal/Metal_682.jpg,Metal,3,524,524
Metal/Metal_683.jpg,Metal,3,524,524
Metal/Metal_684.jpg,Metal,3,524,524
Metal/Metal_685.jpg,Metal,3,524,524
Metal/Metal_686.jpg,Metal,3,524,524
Metal/Metal_687.jpg,Metal,3,524,524
Metal/Metal_688.jpg,Metal,3,524,524
Metal/Metal_689.jpg,Metal,3,524,524
Metal/Metal_69.jpg,Metal,3,524,524
Metal/Metal_690.jpg,Metal,3,524,524
Metal/Metal_691.jpg,Metal,3,524,524
Metal/Metal_692.jpg,Metal,3,524,524
Metal/Metal_693.jpg,Metal,3,524,524
Metal/Metal_694.jpg,Metal,3,524,524
Metal/Metal_695.jpg,Metal,3,524,524
Metal/Metal_696.jpg,Metal,3,524,524
Metal/Metal_697.jpg,Metal,3,524,524
Metal/Metal_698.jpg,Metal,3,524,524
Metal/Metal_699.jpg,Metal,3,524,524
Metal/Metal_7.jpg,Metal,3,524,524
Metal/Metal_70.jpg,Metal,3,524,524
Metal/Metal_700.jpg,Metal,3,524,524
Metal/Metal_701.jpg,Metal,3,524,524
Metal/Metal_702.jpg,Metal,3,524,524
Metal/Metal_703.jpg,Metal,3,524,524
Metal/Metal_704.jpg,Metal,3,524,524
Metal/Metal_705.jpg,Metal,3,524,524
Metal/Metal_706.jpg,Metal,3,524,524
Metal/Metal_707.jpg,Metal,3,524,524
Metal/Metal_708.jpg,Metal,3,524,524
Metal/Metal_709.jpg,Metal,3,524,524
Metal/Metal_71.jpg,Metal,3,524,524
Metal/Metal_710.jpg,Metal,3,524,524
Metal/Metal_711.jpg,Metal,3,524,524
Metal/Metal_712.jpg,Metal,3,524,524
Metal/Metal_713.jpg,Metal,3,524,524
Metal/Metal_714.jpg,Metal,3,524,524
Metal/Metal_715.jpg,Metal,3,524,524
Metal/Metal_716.jpg,Metal,3,524,524
Metal/Metal_717.jpg,Metal,3,524,524
Metal/Metal_718.jpg,Metal,3,524,524
Metal/Metal_719.jpg,Metal,3,524,524
Metal/Metal_72.jpg,Metal,3,524,524
Metal/Metal_720.jpg,Metal,3,524,524
Metal/Metal_721.jpg,Metal,3,524,524
Metal/Metal_722.jpg,Metal,3,524,524
Metal/Metal_723.jpg,Metal,3,524,524
Metal/Metal_724.jpg,Metal,3,524,524
Metal/Metal_725.jpg,Metal,3,524,524
Metal/Metal_726.jpg,Metal,3,524,524
Metal/Metal_727.jpg,Metal,3,524,524
Metal/Metal_728.jpg,Metal,3,524,524
Metal/Metal_729.jpg,Metal,3,524,524
Metal/Metal_73.jpg,Metal,3,524,524
Metal/Metal_730.jpg,Metal,3,524,524
Metal/Metal_731.jpg,Metal,3,524,524
Metal/Metal_732.jpg,Metal,3,524,524
Metal/Metal_733.jpg,Metal,3,524,524
Metal/Metal_734.jpg,Metal,3,524,524
Metal/Metal_735.jpg,Metal,3,524,524
Metal/Metal_736.jpg,Metal,3,524,524
Metal/Metal_737.jpg,Metal,3,524,524
Metal/Metal_738.jpg,Metal,3,524,524
Metal/Metal_739.jpg,Metal,3,524,524
Metal/Metal_74.jpg,Metal,3,524,524
Metal/Metal_740.jpg,Metal,3,524,524
Metal/Metal_741.jpg,Metal,3,524,524
Metal/Metal_742.jpg,Metal,3,524,524
Metal/Metal_743.jpg,Metal,3,524,524
Metal/Metal_744.jpg,Metal,3,524,524
Metal/Metal_745.jpg,Metal,3,524,524
Metal/Metal_746.jpg,Metal,3,524,524
Metal/Metal_747.jpg,Metal,3,524,524
Metal/Metal_748.jpg,Metal,3,524,524
Metal/Metal_749.jpg,Metal,3,524,524
Metal/Metal_75.jpg,Metal,3,524,524
Metal/Metal_750.jpg,Metal,3,524,524
Metal/Metal_751.jpg,Metal,3,524,524
Metal/Metal_752.jpg,Metal,3,524,524
Metal/Metal_753.jpg,Metal,3,524,524
Metal/Metal_754.jpg,Metal,3,524,524
Metal/Metal_755.jpg,Metal,3,524,524
Metal/Metal_756.jpg,Metal,3,524,524
Metal/Metal_757.jpg,Metal,3,524,524
Metal/Metal_758.jpg,Metal,3,524,524
Metal/Metal_759.jpg,Metal,3,524,524
Metal/Metal_76.jpg,Metal,3,524,524
Metal/Metal_760.jpg,Metal,3,524,524
Metal/Metal_761.jpg,Metal,3,524,524
Metal/Metal_762.jpg,Metal,3,524,524
Metal/Metal_763.jpg,Metal,3,524,524
Metal/Metal_764.jpg,Metal,3,524,524
Metal/Metal_765.jpg,Metal,3,524,524
Metal/Metal_766.jpg,Metal,3,524,524
Metal/Metal_767.jpg,Metal,3,524,524
Metal/Metal_768.jpg,Metal,3,524,524
Metal/Metal_769.jpg,Metal,3,524,524
Metal/Metal_77.jpg,Metal,3,524,524
Metal/Metal_770.jpg,Metal,3,524,524
Metal/Metal_771.jpg,Metal,3,524,524
Metal/Metal_772.jpg,Metal,3,524,524
Metal/Metal_773.jpg,Metal,3,524,524
Metal/Metal_774.jpg,Metal,3,524,524
Metal/Metal_775.jpg,Metal,3,524,524
Metal/Metal_776.jpg,Metal,3,524,524
Metal/Metal_777.jpg,Metal,3,524,524
Metal/Metal_778.jpg,Metal,3,524,524
Metal/Metal_779.jpg,Metal,3,524,524
Metal/Metal_78.jpg,Metal,3,524,524
Metal/Metal_780.jpg,Metal,3,524,524
Metal/Metal_781.jpg,Metal,3,524,524
Metal/Metal_782.jpg,Metal,3,524,524
Metal/Metal_783.jpg,Metal,3,524,524
Metal/Metal_784.jpg,Metal,3,524,524
Metal/Metal_785.jpg,Metal,3,524,524
Metal/Metal_786.jpg,Metal,3,524,524
Metal/Metal_787.jpg,Metal,3,524,524
Metal/Metal_788.jpg,Metal,3,524,524
Metal/Metal_789.jpg,Metal,3,524,524
Metal/Metal_79.jpg,Metal,3,524,524
Metal/Metal_790.jpg,Metal,3,524,524
Metal/Metal_8.jpg,Metal,3,524,524
Metal/Metal_80.jpg,Metal,3,524,524
Metal/Metal_81.jpg,Metal,3,524,524
Metal/Metal_82.jpg,Metal,3,524,524
Metal/Metal_83.jpg,Metal,3,524,524
Metal/Metal_84.jpg,Metal,3,524,524
Metal/Metal_85.jpg,Metal,3,524,524
Metal/Metal_86.jpg,Metal,3,524,524
Metal/Metal_87.jpg,Metal,3,524,524
Metal/Metal_88.jpg,Metal,3,524,524
Metal/Metal_89.jpg,Metal,3,524,524
Metal/Metal_9.jpg,Metal,3,524,524
Metal/Metal_90.jpg,Metal,3,524,524
Metal/Metal_91.jpg,Metal,3,524,524
Metal/Metal_92.jpg,Metal,3,524,524
Metal/Metal_93.jpg,Metal,3,524,524
Metal/Metal_94.jpg,Metal,3,524,524
Metal/Metal_95.jpg,Metal,3,524,524
Metal/Metal_96.jpg,Metal,3,524,524
Metal/Metal_97.jpg,Metal,3,524,524
Metal/Metal_98.jpg,Metal,3,524,524
Metal/Metal_99.jpg,Metal,3,524,524
Miscellaneous Trash/Miscellaneous Trash_1.jpg,Miscellaneous Trash,4,524,524
Miscellaneous Trash/Miscellaneous Trash_10.jpg,Miscellaneous Trash,4,524,524
Miscellaneous Trash/Miscellaneous Trash_100.jpg,Miscellaneous Trash,4,524,524
Miscellaneous Trash/Miscellaneous Trash_101.jpg,Miscellaneous Trash,4,524,524
Miscellaneous Trash/Miscellaneous Trash_102.jpg,Miscellaneous Trash,4,524,524
Miscellaneous Trash/Miscellaneous Trash_103.jpg,Miscellaneous Trash,4,524,524
Miscellaneous Trash/Miscellaneous Trash_104.jpg,Miscellaneous Trash,4,524,524
Miscellaneous Trash/Miscellaneous Trash_105.jpg,Miscellaneous Trash,4,524,524
Miscellaneous Trash/Miscellaneous Trash_106.jpg,Miscellaneous Trash,4,524,524
Miscellaneous Trash/Miscellaneous Trash_107.jpg,Miscellaneous Trash,4,524,524
Miscellaneous Trash/Miscellaneous Trash_108.jpg,Miscellaneous Trash,4,524,524
Miscellaneous Trash/Miscellaneous Trash_109.jpg,Miscellaneous Trash,4,524,524
Miscellaneous Trash/Miscellaneous Trash_11.jpg,Miscellaneous Trash,4,524,524
Miscellaneous Trash/Miscellaneous Trash_110.jpg,Miscellaneous Trash,4,524,524
Miscellaneous Trash/Miscellaneous Trash_111.jpg,Miscellaneous Trash,4,524,524
Miscellaneous Trash/Miscellaneous Trash_112.jpg,Miscellaneous Trash,4,524,524
Miscellaneous Trash/Miscellaneous Trash_113.jpg,Miscellaneous Trash,4,524,524
Miscellaneous Trash/Miscellaneous Trash_114.jpg,Miscellaneous Trash,4,524,524
Miscellaneous Trash/Miscellaneous Trash_115.jpg,Miscellaneous Trash,4,524,524
Miscellaneous Trash/Miscellaneous Trash_116.jpg,Miscellaneous Trash,4,524,524
Miscellaneous Trash/Miscellaneous Trash_117.jpg,Miscellaneous Trash,4,524,524
Miscellaneous Trash/Miscellaneous Trash_118.jpg,Miscellaneous Trash,4,524,524
Miscellaneous Trash/Miscellaneous Trash_119.jpg,Miscellaneous Trash,4,524,524
Miscellaneous Trash/Miscellaneous Trash_12.jpg,Miscellaneous Trash,4,524,524
Miscellaneous Trash/Miscellaneous Trash_120.jpg,Miscellaneous Trash,4,524,524
Miscellaneous Trash/Miscellaneous Trash_121.jpg,Miscellaneous Trash,4,524,524
Miscellaneous Trash/Miscellaneous Trash_122.jpg,Miscellaneous Trash,4,524,524
Miscellaneous Trash/Miscellaneous Trash_123.jpg,Miscellaneous Trash,4,524,524
Miscellaneous Trash/Miscellaneous Trash_124.jpg,Miscellaneous Trash,4,524,524
Miscellaneous Trash/Miscellaneous Trash_125.jpg,Miscellaneous Trash,4,524,524
Miscellaneous Trash/Miscellaneous Trash_126.jpg,Miscellaneous Trash,4,524,524
Miscellaneous Trash/Miscellaneous Trash_127.jpg,Miscellaneous Trash,4,524,524
Miscellaneous Trash/Miscellaneous Trash_128.jpg,Miscellaneous Trash,4,524,524
Miscellaneous Trash/Miscellaneous Trash_129.jpg,Miscellaneous Trash,4,524,524
Miscellaneous Trash/Miscellaneous Trash_13.jpg,Miscellaneous Trash,4,524,524
Miscellaneous Trash/Miscellaneous Trash_130.jpg,Miscellaneous Trash,4,524,524
Miscellaneous Trash/Miscellaneous Trash_131.jpg,Miscellaneous Trash,4,524,524
Miscellaneous Trash/Miscellaneous Trash_132.jpg,Miscellaneous Trash,4,524,524
Miscellaneous Trash/Miscellaneous Trash_133.jpg,Miscellaneous Trash,4,524,524
Miscellaneous Trash/Miscellaneous Trash_134.jpg,Miscellaneous Trash,4,524,524
Miscellaneous Trash/Miscellaneous Trash_135.jpg,Miscellaneous Trash,4,524,524
Miscellaneous Trash/Miscellaneous Trash_136.jpg,Miscellaneous Trash,4,524,524
Miscellaneous Trash/Miscellaneous Trash_137.jpg,Miscellaneous Trash,4,524,524
Miscellaneous Trash/Miscellaneous Trash_138.jpg,Miscellaneous Trash,4,524,524
Miscellaneous Trash/Miscellaneous Trash_139.jpg,Miscellaneous Trash,4,524,524
Miscellaneous Trash/Miscellaneous Trash_14.jpg,Miscellaneous Trash,4,524,524
Miscellaneous Trash/Miscellaneous Trash_140.jpg,Miscellaneous Trash,4,524,524
Miscellaneous Trash/Miscellaneous Trash_141.jpg,Miscellaneous Trash,4,524,524
Miscellaneous Trash/Miscellaneous Trash_142.jpg,Miscellaneous Trash,4,524,524
Miscellaneous Trash/Miscellaneous Trash_143.jpg,Miscellaneous Trash,4,524,524
Miscellaneous Trash/Miscellaneous Trash_144.jpg,Miscellaneous Trash,4,524,524
Miscellaneous Trash/Miscellaneous Trash_145.jpg,Miscellaneous Trash,4,524,524
Miscellaneous Trash/Miscellaneous Trash_146.jpg,Miscellaneous Trash,4,524,524
Miscellaneous Trash/Miscellaneous Trash_147.jpg,Miscellaneous Trash,4,524,524
Miscellaneous Trash/Miscellaneous Trash_148.jpg,Miscellaneous Trash,4,524,524
Miscellaneous Trash/Miscellaneous Trash_149.jpg,Miscellaneous Trash,4,524,524
Miscellaneous Trash/Miscellaneous Trash_15.jpg,Miscellaneous Trash,4,524,524
Miscellaneous Trash/Miscellaneous Trash_150.jpg,Miscellaneous Trash,4,524,524
Miscellaneous Trash/Miscellaneous Trash_151.jpg,Miscellaneous Trash,4,524,524
Miscellaneous Trash/Miscellaneous Trash_152.jpg,Miscellaneous Trash,4,524,524
Miscellaneous Trash/Miscellaneous Trash_153.jpg,Miscellaneous Trash,4,524,524
Miscellaneous Trash/Miscellaneous Trash_154.jpg,Miscellaneous Trash,4,524,524
Miscellaneous Trash/Miscellaneous Trash_155.jpg,Miscellaneous Trash,4,524,524
Miscellaneous Trash/Miscellaneous Trash_156.jpg,Miscellaneous Trash,4,524,524
Miscellaneous Trash/Miscellaneous Trash_157.jpg,Miscellaneous Trash,4,524,524
Miscellaneous Trash/Miscellaneous Trash_158.jpg,Miscellaneous Trash,4,524,524
Miscellaneous Trash/Miscellaneous Trash_159.jpg,Miscellaneous Trash,4,524,524
Miscellaneous Trash/Miscellaneous Trash_16.jpg,Miscellaneous Trash,4,524,524
Miscellaneous Trash/Miscellaneous Trash_160.jpg,Miscellaneous Trash,4,524,524
Miscellaneous Trash/Miscellaneous Trash_161.jpg,Miscellaneous Trash,4,524,524
Miscellaneous Trash/Miscellaneous Trash_162.jpg,Miscellaneous Trash,4,524,524
Miscellaneous Trash/Miscellaneous Trash_163.jpg,Miscellaneous Trash,4,524,524
Miscellaneous Trash/Miscellaneous Trash_164.jpg,Miscellaneous Trash,4,524,524
Miscellaneous Trash/Miscellaneous Trash_165.jpg,Miscellaneous Trash,4,524,524
Miscellaneous Trash/Miscellaneous Trash_166.jpg,Miscellaneous Trash,4,524,524
Miscellaneous Trash/Miscellaneous Trash_167.jpg,Miscellaneous Trash,4,524,524
Miscellaneous Trash/Miscellaneous Trash_168.jpg,Miscellaneous Trash,4,524,524
Miscellaneous Trash/Miscellaneous Trash_169.jpg,Miscellaneous Trash,4,524,524
Miscellaneous Trash/Miscellaneous Trash_17.jpg,Miscellaneous Trash,4,524,524
Miscellaneous Trash/Miscellaneous Trash_170.jpg,Miscellaneous Trash,4,524,524
Miscellaneous Trash/Miscellaneous Trash_171.jpg,Miscellaneous Trash,4,524,524
Miscellaneous Trash/Miscellaneous Trash_172.jpg,Miscellaneous Trash,4,524,524
Miscellaneous Trash/Miscellaneous Trash_173.jpg,Miscellaneous Trash,4,524,524
Miscellaneous Trash/Miscellaneous Trash_174.jpg,Miscellaneous Trash,4,524,524
Miscellaneous Trash/Miscellaneous Trash_175.jpg,Miscellaneous Trash,4,524,524
Miscellaneous Trash/Miscellaneous Trash_176.jpg,Miscellaneous Trash,4,524,524
Miscellaneous Trash/Miscellaneous Trash_177.jpg,Miscellaneous Trash,4,524,524
Miscellaneous Trash/Miscellaneous Trash_178.jpg,Miscellaneous Trash,4,524,524
Miscellaneous Trash/Miscellaneous Trash_179.jpg,Miscellaneous Trash,4,524,524
Miscellaneous Trash/Miscellaneous Trash_18.jpg,Miscellaneous Trash,4,524,524
Miscellaneous Trash/Miscellaneous Trash_180.jpg,Miscellaneous Trash,4,524,524
Miscellaneous Trash/Miscellaneous Trash_181.jpg,Miscellaneous Trash,4,524,524
Miscellaneous Trash/Miscellaneous Trash_182.jpg,Miscellaneous Trash,4,524,524
Miscellaneous Trash/Miscellaneous Trash_183.jpg,Miscellaneous Trash,4,524,524
Miscellaneous Trash/Miscellaneous Trash_184.jpg,Miscellaneous Trash,4,524,524
Miscellaneous Trash/Miscellaneous Trash_185.jpg,Miscellaneous Trash,4,524,524
Miscellaneous Trash/Miscellaneous Trash_186.jpg,Miscellaneous Trash,4,524,524
Miscellaneous Trash/Miscellaneous Trash_187.jpg,Miscellaneous Trash,4,524,524
Miscellaneous Trash/Miscellaneous Trash_188.jpg,Miscellaneous Trash,4,524,524
Miscellaneous Trash/Miscellaneous Trash_189.jpg,Miscellaneous Trash,4,524,524
Miscellaneous Trash/Miscellaneous Trash_19.jpg,Miscellaneous Trash,4,524,524
Miscellaneous Trash/Miscellaneous Trash_190.jpg,Miscellaneous Trash,4,524,524
Miscellaneous Trash/Miscellaneous Trash_191.jpg,Miscellaneous Trash,4,524,524
Miscellaneous Trash/Miscellaneous Trash_192.jpg,Miscellaneous Trash,4,524,524
Miscellaneous Trash/Miscellaneous Trash_193.jpg,Miscellaneous Trash,4,524,524
Miscellaneous Trash/Miscellaneous Trash_194.jpg,Miscellaneous Trash,4,524,524
Miscellaneous Trash/Miscellaneous Trash_195.jpg,Miscellaneous Trash,4,524,524
Miscellaneous Trash/Miscellaneous Trash_196.jpg,Miscellaneous Trash,4,524,524
Miscellaneous Trash/Miscellaneous Trash_197.jpg,Miscellaneous Trash,4,524,524
Miscellaneous Trash/Miscellaneous Trash_198.jpg,Miscellaneous Trash,4,524,524
Miscellaneous Trash/Miscellaneous Trash_199.jpg,Miscellaneous Trash,4,524,524
Miscellaneous Trash/Miscellaneous Trash_2.jpg,Miscellaneous Trash,4,524,524
Miscellaneous Trash/Miscellaneous Trash_20.jpg,Miscellaneous Trash,4,524,524
Miscellaneous Trash/Miscellaneous Trash_200.jpg,Miscellaneous Trash,4,524,524
Miscellaneous Trash/Miscellaneous Trash_201.jpg,Miscellaneous Trash,4,524,524
Miscellaneous Trash/Miscellaneous Trash_202.jpg,Miscellaneous Trash,4,524,524
Miscellaneous Trash/Miscellaneous Trash_203.jpg,Miscellaneous Trash,4,524,524
Miscellaneous Trash/Miscellaneous Trash_204.jpg,Miscellaneous Trash,4,524,524
Miscellaneous Trash/Miscellaneous Trash_205.jpg,Miscellaneous Trash,4,524,524
Miscellaneous Trash/Miscellaneous Trash_206.jpg,Miscellaneous Trash,4,524,524
Miscellaneous Trash/Miscellaneous Trash_207.jpg,Miscellaneous Trash,4,524,524
Miscellaneous Trash/Miscellaneous Trash_208.jpg,Miscellaneous Trash,4,524,524
Miscellaneous Trash/Miscellaneous Trash_209.jpg,Miscellaneous Trash,4,524,524
Miscellaneous Trash/Miscellaneous Trash_21.jpg,Miscellaneous Trash,4,524,524
Miscellaneous Trash/Miscellaneous Trash_210.jpg,Miscellaneous Trash,4,524,524
Miscellaneous Trash/Miscellaneous Trash_211.jpg,Miscellaneous Trash,4,524,524
Miscellaneous Trash/Miscellaneous Trash_212.jpg,Miscellaneous Trash,4,524,524
Miscellaneous Trash/Miscellaneous Trash_213.jpg,Miscellaneous Trash,4,524,524
Miscellaneous Trash/Miscellaneous Trash_214.jpg,Miscellaneous Trash,4,524,524
Miscellaneous Trash/Miscellaneous Trash_215.jpg,Miscellaneous Trash,4,524,524
Miscellaneous Trash/Miscellaneous Trash_216.jpg,Miscellaneous Trash,4,524,524
Miscellaneous Trash/Miscellaneous Trash_217.jpg,Miscellaneous Trash,4,524,524
Miscellaneous Trash/Miscellaneous Trash_218.jpg,Miscellaneous Trash,4,524,524
Miscellaneous Trash/Miscellaneous Trash_219.jpg,Miscellaneous Trash,4,524,524
Miscellaneous Trash/Miscellaneous Trash_22.jpg,Miscellaneous Trash,4,524,524
Miscellaneous Trash/Miscellaneous Trash_220.jpg,Miscellaneous Trash,4,524,524
Miscellaneous Trash/Miscellaneous Trash_221.jpg,Miscellaneous Trash,4,524,524
Miscellaneous Trash/Miscellaneous Trash_222.jpg,Miscellaneous Trash,4,524,524
Miscellaneous Trash/Miscellaneous Trash_223.jpg,Miscellaneous Trash,4,524,524
Miscellaneous Trash/Miscellaneous Trash_224.jpg,Miscellaneous Trash,4,524,524
Miscellaneous Trash/Miscellaneous Trash_225.jpg,Miscellaneous Trash,4,524,524
Miscellaneous Trash/Miscellaneous Trash_226.jpg,Miscellaneous Trash,4,524,524
Miscellaneous Trash/Miscellaneous Trash_227.jpg,Miscellaneous Trash,4,524,524
Miscellaneous Trash/Miscellaneous Trash_228.jpg,Miscellaneous Trash,4,524,524
Miscellaneous Trash/Miscellaneous Trash_229.jpg,Miscellaneous Trash,4,524,524
Miscellaneous Trash/Miscellaneous Trash_23.jpg,Miscellaneous Trash,4,524,524
Miscellaneous Trash/Miscellaneous Trash_230.jpg,Miscellaneous Trash,4,524,524
Miscellaneous Trash/Miscellaneous Trash_231.jpg,Miscellaneous Trash,4,524,524
Miscellaneous Trash/Miscellaneous Trash_232.jpg,Miscellaneous Trash,4,524,524
Miscellaneous Trash/Miscellaneous Trash_233.jpg,Miscellaneous Trash,4,524,524
Miscellaneous Trash/Miscellaneous Trash_234.jpg,Miscellaneous Trash,4,524,524
Miscellaneous Trash/Miscellaneous Trash_235.jpg,Miscellaneous Trash,4,524,524
Miscellaneous Trash/Miscellaneous Trash_236.jpg,Miscellaneous Trash,4,524,524
Miscellaneous Trash/Miscellaneous Trash_237.jpg,Miscellaneous Trash,4,524,524
Miscellaneous Trash/Miscellaneous Trash_238.jpg,Miscellaneous Trash,4,524,524
Miscellaneous Trash/Miscellaneous Trash_239.jpg,Miscellaneous Trash,4,524,524
Miscellaneous Trash/Miscellaneous Trash_24.jpg,Miscellaneous Trash,4,524,524
Miscellaneous Trash/Miscellaneous Trash_240.jpg,Miscellaneous Trash,4,524,524
Miscellaneous Trash/Miscellaneous Trash_241.jpg,Miscellaneous Trash,4,524,524
Miscellaneous Trash/Miscellaneous Trash_242.jpg,Miscellaneous Trash,4,524,524
Miscellaneous Trash/Miscellaneous Trash_243.jpg,Miscellaneous Trash,4,524,524
Miscellaneous Trash/Miscellaneous Trash_244.jpg,Miscellaneous Trash,4,524,524
Miscellaneous Trash/Miscellaneous Trash_245.jpg,Miscellaneous Trash,4,524,524
Miscellaneous Trash/Miscellaneous Trash_246.jpg,Miscellaneous Trash,4,524,524
Miscellaneous Trash/Miscellaneous Trash_247.jpg,Miscellaneous Trash,4,524,524
Miscellaneous Trash/Miscellaneous Trash_248.jpg,Miscellaneous Trash,4,524,524
Miscellaneous Trash/Miscellaneous Trash_249.jpg,Miscellaneous Trash,4,524,524
Miscellaneous Trash/Miscellaneous Trash_25.jpg,Miscellaneous Trash,4,524,524
Miscellaneous Trash/Miscellaneous Trash_250.jpg,Miscellaneous Trash,4,524,524
Miscellaneous Trash/Miscellaneous Trash_251.jpg,Miscellaneous Trash,4,524,524
Miscellaneous Trash/Miscellaneous Trash_252.jpg,Miscellaneous Trash,4,524,524
Miscellaneous Trash/Miscellaneous Trash_253.jpg,Miscellaneous Trash,4,524,524
Miscellaneous Trash/Miscellaneous Trash_254.jpg,Miscellaneous Trash,4,524,524
Miscellaneous Trash/Miscellaneous Trash_255.jpg,Miscellaneous Trash,4,524,524
Miscellaneous Trash/Miscellaneous Trash_256.jpg,Miscellaneous Trash,4,524,524
Miscellaneous Trash/Miscellaneous Trash_257.jpg,Miscellaneous Trash,4,524,524
Miscellaneous Trash/Miscellaneous Trash_258.jpg,Miscellaneous Trash,4,524,524
Miscellaneous Trash/Miscellaneous Trash_259.jpg,Miscellaneous Trash,4,524,524
Miscellaneous Trash/Miscellaneous Trash_26.jpg,Miscellaneous Trash,4,524,524
Miscellaneous Trash/Miscellaneous Trash_260.jpg,Miscellaneous Trash,4,524,524
Miscellaneous Trash/Miscellaneous Trash_261.jpg,Miscellaneous Trash,4,524,524
Miscellaneous Trash/Miscellaneous Trash_262.jpg,Miscellaneous Trash,4,524,524
Miscellaneous Trash/Miscellaneous Trash_263.jpg,Miscellaneous Trash,4,524,524
Miscellaneous Trash/Miscellaneous Trash_264.jpg,Miscellaneous Trash,4,524,524
Miscellaneous Trash/Miscellaneous Trash_265.jpg,Miscellaneous Trash,4,524,524
Miscellaneous Trash/Miscellaneous Trash_266.jpg,Miscellaneous Trash,4,524,524
Miscellaneous Trash/Miscellaneous Trash_267.jpg,Miscellaneous Trash,4,524,524
Miscellaneous Trash/Miscellaneous Trash_268.jpg,Miscellaneous Trash,4,524,524
Miscellaneous Trash/Miscellaneous Trash_269.jpg,Miscellaneous Trash,4,524,524
Miscellaneous Trash/Miscellaneous Trash_27.jpg,Miscellaneous Trash,4,524,524
Miscellaneous Trash/Miscellaneous Trash_270.jpg,Miscellaneous Trash,4,524,524
Miscellaneous Trash/Miscellaneous Trash_271.jpg,Miscellaneous Trash,4,524,524
Miscellaneous Trash/Miscellaneous Trash_272.jpg,Miscellaneous Trash,4,524,524
Miscellaneous Trash/Miscellaneous Trash_273.jpg,Miscellaneous Trash,4,524,524
Miscellaneous Trash/Miscellaneous Trash_274.jpg,Miscellaneous Trash,4,524,524
Miscellaneous Trash/Miscellaneous Trash_275.jpg,Miscellaneous Trash,4,524,524
Miscellaneous Trash/Miscellaneous Trash_276.jpg,Miscellaneous Trash,4,524,524
Miscellaneous Trash/Miscellaneous Trash_277.jpg,Miscellaneous Trash,4,524,524
Miscellaneous Trash/Miscellaneous Trash_278.jpg,Miscellaneous Trash,4,524,524
Miscellaneous Trash/Miscellaneous Trash_279.jpg,Miscellaneous Trash,4,524,524
Miscellaneous Trash/Miscellaneous Trash_28.jpg,Miscellaneous Trash,4,524,524
Miscellaneous Trash/Miscellaneous Trash_280.jpg,Miscellaneous Trash,4,524,524
Miscellaneous Trash/Miscellaneous Trash_281.jpg,Miscellaneous Trash,4,524,524
Miscellaneous Trash/Miscellaneous Trash_282.jpg,Miscellaneous Trash,4,524,524
Miscellaneous Trash/Miscellaneous Trash_283.jpg,Miscellaneous Trash,4,524,524
Miscellaneous Trash/Miscellaneous Trash_284.jpg,Miscellaneous Trash,4,524,524
Miscellaneous Trash/Miscellaneous Trash_285.jpg,Miscellaneous Trash,4,524,524
Miscellaneous Trash/Miscellaneous Trash_286.jpg,Miscellaneous Trash,4,524,524
Miscellaneous Trash/Miscellaneous Trash_287.jpg,Miscellaneous Trash,4,524,524
Miscellaneous Trash/Miscellaneous Trash_288.jpg,Miscellaneous Trash,4,524,524
Miscellaneous Trash/Miscellaneous Trash_289.jpg,Miscellaneous Trash,4,524,524
Miscellaneous Trash/Miscellaneous Trash_29.jpg,Miscellaneous Trash,4,524,524
Miscellaneous Trash/Miscellaneous Trash_290.jpg,Miscellaneous Trash,4,524,524
Miscellaneous Trash/Miscellaneous Trash_291.jpg,Miscellaneous Trash,4,524,524
Miscellaneous Trash/Miscellaneous Trash_292.jpg,Miscellaneous Trash,4,524,524
Miscellaneous Trash/Miscellaneous Trash_293.jpg,Miscellaneous Trash,4,524,524
Miscellaneous Trash/Miscellaneous Trash_294.jpg,Miscellaneous Trash,4,524,524
Miscellaneous Trash/Miscellaneous Trash_295.jpg,Miscellaneous Trash,4,524,524
Miscellaneous Trash/Miscellaneous Trash_296.jpg,Miscellaneous Trash,4,524,524
Miscellaneous Trash/Miscellaneous Trash_297.jpg,Miscellaneous Trash,4,524,524
Miscellaneous Trash/Miscellaneous Trash_298.jpg,Miscellaneous Trash,4,524,524
Miscellaneous Trash/Miscellaneous Trash_299.jpg,Miscellaneous Trash,4,524,524
Miscellaneous Trash/Miscellaneous Trash_3.jpg,Miscellaneous Trash,4,524,524
Miscellaneous Trash/Miscellaneous Trash_30.jpg,Miscellaneous Trash,4,524,524
Miscellaneous Trash/Miscellaneous Trash_300.jpg,Miscellaneous Trash,4,524,524
Miscellaneous Trash/Miscellaneous Trash_301.jpg,Miscellaneous Trash,4,524,524
Miscellaneous Trash/Miscellaneous Trash_302.jpg,Miscellaneous Trash,4,524,524
Miscellaneous Trash/Miscellaneous Trash_303.jpg,Miscellaneous Trash,4,524,524
Miscellaneous Trash/Miscellaneous Trash_304.jpg,Miscellaneous Trash,4,524,524
Miscellaneous Trash/Miscellaneous Trash_305.jpg,Miscellaneous Trash,4,524,524
Miscellaneous Trash/Miscellaneous Trash_306.jpg,Miscellaneous Trash,4,524,524
Miscellaneous Trash/Miscellaneous Trash_307.jpg,Miscellaneous Trash,4,524,524
Miscellaneous Trash/Miscellaneous Trash_308.jpg,Miscellaneous Trash,4,524,524
Miscellaneous Trash/Miscellaneous Trash_309.jpg,Miscellaneous Trash,4,524,524
Miscellaneous Trash/Miscellaneous Trash_31.jpg,Miscellaneous Trash,4,524,524
Miscellaneous Trash/Miscellaneous Trash_310.jpg,Miscellaneous Trash,4,524,524
Miscellaneous Trash/Miscellaneous Trash_311.jpg,Miscellaneous Trash,4,524,524
Miscellaneous Trash/Miscellaneous Trash_312.jpg,Miscellaneous Trash,4,524,524
Miscellaneous Trash/Miscellaneous Trash_313.jpg,Miscellaneous Trash,4,524,524
Miscellaneous Trash/Miscellaneous Trash_314.jpg,Miscellaneous Trash,4,524,524
Miscellaneous Trash/Miscellaneous Trash_315.jpg,Miscellaneous Trash,4,524,524
Miscellaneous Trash/Miscellaneous Trash_316.jpg,Miscellaneous Trash,4,524,524
Miscellaneous Trash/Miscellaneous Trash_317.jpg,Miscellaneous Trash,4,524,524
Miscellaneous Trash/Miscellaneous Trash_318.jpg,Miscellaneous Trash,4,524,524
Miscellaneous Trash/Miscellaneous Trash_319.jpg,Miscellaneous Trash,4,524,524
Miscellaneous Trash/Miscellaneous Trash_32.jpg,Miscellaneous Trash,4,524,524
Miscellaneous Trash/Miscellaneous Trash_320.jpg,Miscellaneous Trash,4,524,524
Miscellaneous Trash/Miscellaneous Trash_321.jpg,Miscellaneous Trash,4,524,524
Miscellaneous Trash/Miscellaneous Trash_322.jpg,Miscellaneous Trash,4,524,524
Miscellaneous Trash/Miscellaneous Trash_323.jpg,Miscellaneous Trash,4,524,524
Miscellaneous Trash/Miscellaneous Trash_324.jpg,Miscellaneous Trash,4,524,524
Miscellaneous Trash/Miscellaneous Trash_325.jpg,Miscellaneous Trash,4,524,524
Miscellaneous Trash/Miscellaneous Trash_326.jpg,Miscellaneous Trash,4,524,524
Miscellaneous Trash/Miscellaneous Trash_327.jpg,Miscellaneous Trash,4,524,524
Miscellaneous Trash/Miscellaneous Trash_328.jpg,Miscellaneous Trash,4,524,524
Miscellaneous Trash/Miscellaneous Trash_329.jpg,Miscellaneous Trash,4,524,524
Miscellaneous Trash/Miscellaneous Trash_33.jpg,Miscellaneous Trash,4,524,524
Miscellaneous Trash/Miscellaneous Trash_330.jpg,Miscellaneous Trash,4,524,524
Miscellaneous Trash/Miscellaneous Trash_331.jpg,Miscellaneous Trash,4,524,524
Miscellaneous Trash/Miscellaneous Trash_332.jpg,Miscellaneous Trash,4,524,524
Miscellaneous Trash/Miscellaneous Trash_333.jpg,Miscellaneous Trash,4,524,524
Miscellaneous Trash/Miscellaneous Trash_334.jpg,Miscellaneous Trash,4,524,524
Miscellaneous Trash/Miscellaneous Trash_335.jpg,Miscellaneous Trash,4,524,524
Miscellaneous Trash/Miscellaneous Trash_336.jpg,Miscellaneous Trash,4,524,524
Miscellaneous Trash/Miscellaneous Trash_337.jpg,Miscellaneous Trash,4,524,524
Miscellaneous Trash/Miscellaneous Trash_338.jpg,Miscellaneous Trash,4,524,524
Miscellaneous Trash/Miscellaneous Trash_339.jpg,Miscellaneous Trash,4,524,524
Miscellaneous Trash/Miscellaneous Trash_34.jpg,Miscellaneous Trash,4,524,524
Miscellaneous Trash/Miscellaneous Trash_340.jpg,Miscellaneous Trash,4,524,524
Miscellaneous Trash/Miscellaneous Trash_341.jpg,Miscellaneous Trash,4,524,524
Miscellaneous Trash/Miscellaneous Trash_342.jpg,Miscellaneous Trash,4,524,524
Miscellaneous Trash/Miscellaneous Trash_343.jpg,Miscellaneous Trash,4,524,524
Miscellaneous Trash/Miscellaneous Trash_344.jpg,Miscellaneous Trash,4,524,524
Miscellaneous Trash/Miscellaneous Trash_345.jpg,Miscellaneous Trash,4,524,524
Miscellaneous Trash/Miscellaneous Trash_346.jpg,Miscellaneous Trash,4,524,524
Miscellaneous Trash/Miscellaneous Trash_347.jpg,Miscellaneous Trash,4,524,524
Miscellaneous Trash/Miscellaneous Trash_348.jpg,Miscellaneous Trash,4,524,524
Miscellaneous Trash/Miscellaneous Trash_349.jpg,Miscellaneous Trash,4,524,524
Miscellaneous Trash/Miscellaneous Trash_35.jpg,Miscellaneous Trash,4,524,524
Miscellaneous Trash/Miscellaneous Trash_350.jpg,Miscellaneous Trash,4,524,524
Miscellaneous Trash/Miscellaneous Trash_351.jpg,Miscellaneous Trash,4,524,524
Miscellaneous Trash/Miscellaneous Trash_352.jpg,Miscellaneous Trash,4,524,524
Miscellaneous Trash/Miscellaneous Trash_353.jpg,Miscellaneous Trash,4,524,524
Miscellaneous Trash/Miscellaneous Trash_354.jpg,Miscellaneous Trash,4,524,524
Miscellaneous Trash/Miscellaneous Trash_355.jpg,Miscellaneous Trash,4,524,524
Miscellaneous Trash/Miscellaneous Trash_356.jpg,Miscellaneous Trash,4,524,524
Miscellaneous Trash/Miscellaneous Trash_357.jpg,Miscellaneous Trash,4,524,524
Miscellaneous Trash/Miscellaneous Trash_358.jpg,Miscellaneous Trash,4,524,524
Miscellaneous Trash/Miscellaneous Trash_359.jpg,Miscellaneous Trash,4,524,524
Miscellaneous Trash/Miscellaneous Trash_36.jpg,Miscellaneous Trash,4,524,524
Miscellaneous Trash/Miscellaneous Trash_360.jpg,Miscellaneous Trash,4,524,524
Miscellaneous Trash/Miscellaneous Trash_361.jpg,Miscellaneous Trash,4,524,524
Miscellaneous Trash/Miscellaneous Trash_362.jpg,Miscellaneous Trash,4,524,524
Miscellaneous Trash/Miscellaneous Trash_363.jpg,Miscellaneous Trash,4,524,524
Miscellaneous Trash/Miscellaneous Trash_364.jpg,Miscellaneous Trash,4,524,524
Miscellaneous Trash/Miscellaneous Trash_365.jpg,Miscellaneous Trash,4,524,524
Miscellaneous Trash/Miscellaneous Trash_366.jpg,Miscellaneous Trash,4,524,524
Miscellaneous Trash/Miscellaneous Trash_367.jpg,Miscellaneous Trash,4,524,524
Miscellaneous Trash/Miscellaneous Trash_368.jpg,Miscellaneous Trash,4,524,524
Miscellaneous Trash/Miscellaneous Trash_369.jpg,Miscellaneous Trash,4,524,524
Miscellaneous Trash/Miscellaneous Trash_37.jpg,Miscellaneous Trash,4,524,524
Miscellaneous Trash/Miscellaneous Trash_370.jpg,Miscellaneous Trash,4,524,524
Miscellaneous Trash/Miscellaneous Trash_371.jpg,Miscellaneous Trash,4,524,524
Miscellaneous Trash/Miscellaneous Trash_372.jpg,Miscellaneous Trash,4,524,524
Miscellaneous Trash/Miscellaneous Trash_373.jpg,Miscellaneous Trash,4,524,524
Miscellaneous Trash/Miscellaneous Trash_374.jpg,Miscellaneous Trash,4,524,524
Miscellaneous Trash/Miscellaneous Trash_375.jpg,Miscellaneous Trash,4,524,524
Miscellaneous Trash/Miscellaneous Trash_376.jpg,Miscellaneous Trash,4,524,524
Miscellaneous Trash/Miscellaneous Trash_377.jpg,Miscellaneous Trash,4,524,524
Miscellaneous Trash/Miscellaneous Trash_378.jpg,Miscellaneous Trash,4,524,524
Miscellaneous Trash/Miscellaneous Trash_379.jpg,Miscellaneous Trash,4,524,524
Miscellaneous Trash/Miscellaneous Trash_38.jpg,Miscellaneous Trash,4,524,524
Miscellaneous Trash/Miscellaneous Trash_380.jpg,Miscellaneous Trash,4,524,524
Miscellaneous Trash/Miscellaneous Trash_381.jpg,Miscellaneous Trash,4,524,524
Miscellaneous Trash/Miscellaneous Trash_382.jpg,Miscellaneous Trash,4,524,524
Miscellaneous Trash/Miscellaneous Trash_383.jpg,Miscellaneous Trash,4,524,524
Miscellaneous Trash/Miscellaneous Trash_384.jpg,Miscellaneous Trash,4,524,524
Miscellaneous Trash/Miscellaneous Trash_385.jpg,Miscellaneous Trash,4,524,524
Miscellaneous Trash/Miscellaneous Trash_386.jpg,Miscellaneous Trash,4,524,524
Miscellaneous Trash/Miscellaneous Trash_387.jpg,Miscellaneous Trash,4,524,524
Miscellaneous Trash/Miscellaneous Trash_388.jpg,Miscellaneous Trash,4,524,524
Miscellaneous Trash/Miscellaneous Trash_389.jpg,Miscellaneous Trash,4,524,524
Miscellaneous Trash/Miscellaneous Trash_39.jpg,Miscellaneous Trash,4,524,524
Miscellaneous Trash/Miscellaneous Trash_390.jpg,Miscellaneous Trash,4,524,524
Miscellaneous Trash/Miscellaneous Trash_391.jpg,Miscellaneous Trash,4,524,524
Miscellaneous Trash/Miscellaneous Trash_392.jpg,Miscellaneous Trash,4,524,524
Miscellaneous Trash/Miscellaneous Trash_393.jpg,Miscellaneous Trash,4,524,524
Miscellaneous Trash/Miscellaneous Trash_394.jpg,Miscellaneous Trash,4,524,524
Miscellaneous Trash/Miscellaneous Trash_395.jpg,Miscellaneous Trash,4,524,524
Miscellaneous Trash/Miscellaneous Trash_396.jpg,Miscellaneous Trash,4,524,524
Miscellaneous Trash/Miscellaneous Trash_397.jpg,Miscellaneous Trash,4,524,524
Miscellaneous Trash/Miscellaneous Trash_398.jpg,Miscellaneous Trash,4,524,524
Miscellaneous Trash/Miscellaneous Trash_399.jpg,Miscellaneous Trash,4,524,524
Miscellaneous Trash/Miscellaneous Trash_4.jpg,Miscellaneous Trash,4,524,524
Miscellaneous Trash/Miscellaneous Trash_40.jpg,Miscellaneous Trash,4,524,524
Miscellaneous Trash/Miscellaneous Trash_400.jpg,Miscellaneous Trash,4,524,524
Miscellaneous Trash/Miscellaneous Trash_401.jpg,Miscellaneous Trash,4,524,524
Miscellaneous Trash/Miscellaneous Trash_402.jpg,Miscellaneous Trash,4,524,524
Miscellaneous Trash/Miscellaneous Trash_403.jpg,Miscellaneous Trash,4,524,524
Miscellaneous Trash/Miscellaneous Trash_404.jpg,Miscellaneous Trash,4,524,524
Miscellaneous Trash/Miscellaneous Trash_405.jpg,Miscellaneous Trash,4,524,524
Miscellaneous Trash/Miscellaneous Trash_406.jpg,Miscellaneous Trash,4,524,524
Miscellaneous Trash/Miscellaneous Trash_407.jpg,Miscellaneous Trash,4,524,524
Miscellaneous Trash/Miscellaneous Trash_408.jpg,Miscellaneous Trash,4,524,524
Miscellaneous Trash/Miscellaneous Trash_409.jpg,Miscellaneous Trash,4,524,524
Miscellaneous Trash/Miscellaneous Trash_41.jpg,Miscellaneous Trash,4,524,524
Miscellaneous Trash/Miscellaneous Trash_410.jpg,Miscellaneous Trash,4,524,524
Miscellaneous Trash/Miscellaneous Trash_411.jpg,Miscellaneous Trash,4,524,524
Miscellaneous Trash/Miscellaneous Trash_412.jpg,Miscellaneous Trash,4,524,524
Miscellaneous Trash/Miscellaneous Trash_413.jpg,Miscellaneous Trash,4,524,524
Miscellaneous Trash/Miscellaneous Trash_414.jpg,Miscellaneous Trash,4,524,524
Miscellaneous Trash/Miscellaneous Trash_415.jpg,Miscellaneous Trash,4,524,524
Miscellaneous Trash/Miscellaneous Trash_416.jpg,Miscellaneous Trash,4,524,524
Miscellaneous Trash/Miscellaneous Trash_417.jpg,Miscellaneous Trash,4,524,524
Miscellaneous Trash/Miscellaneous Trash_418.jpg,Miscellaneous Trash,4,524,524
Miscellaneous Trash/Miscellaneous Trash_419.jpg,Miscellaneous Trash,4,524,524
Miscellaneous Trash/Miscellaneous Trash_42.jpg,Miscellaneous Trash,4,524,524
Miscellaneous Trash/Miscellaneous Trash_420.jpg,Miscellaneous Trash,4,524,524
Miscellaneous Trash/Miscellaneous Trash_421.jpg,Miscellaneous Trash,4,524,524
Miscellaneous Trash/Miscellaneous Trash_422.jpg,Miscellaneous Trash,4,524,524
Miscellaneous Trash/Miscellaneous Trash_423.jpg,Miscellaneous Trash,4,524,524
Miscellaneous Trash/Miscellaneous Trash_424.jpg,Miscellaneous Trash,4,524,524
Miscellaneous Trash/Miscellaneous Trash_425.jpg,Miscellaneous Trash,4,524,524
Miscellaneous Trash/Miscellaneous Trash_426.jpg,Miscellaneous Trash,4,524,524
Miscellaneous Trash/Miscellaneous Trash_427.jpg,Miscellaneous Trash,4,524,524
Miscellaneous Trash/Miscellaneous Trash_428.jpg,Miscellaneous Trash,4,524,524
Miscellaneous Trash/Miscellaneous Trash_429.jpg,Miscellaneous Trash,4,524,524
Miscellaneous Trash/Miscellaneous Trash_43.jpg,Miscellaneous Trash,4,524,524
Miscellaneous Trash/Miscellaneous Trash_430.jpg,Miscellaneous Trash,4,524,524
Miscellaneous Trash/Miscellaneous Trash_431.jpg,Miscellaneous Trash,4,524,524
Miscellaneous Trash/Miscellaneous Trash_432.jpg,Miscellaneous Trash,4,524,524
Miscellaneous Trash/Miscellaneous Trash_433.jpg,Miscellaneous Trash,4,524,524
Miscellaneous Trash/Miscellaneous Trash_434.jpg,Miscellaneous Trash,4,524,524
Miscellaneous Trash/Miscellaneous Trash_435.jpg,Miscellaneous Trash,4,524,524
Miscellaneous Trash/Miscellaneous Trash_436.jpg,Miscellaneous Trash,4,524,524
Miscellaneous Trash/Miscellaneous Trash_437.jpg,Miscellaneous Trash,4,524,524
Miscellaneous Trash/Miscellaneous Trash_438.jpg,Miscellaneous Trash,4,524,524
Miscellaneous Trash/Miscellaneous Trash_439.jpg,Miscellaneous Trash,4,524,524
Miscellaneous Trash/Miscellaneous Trash_44.jpg,Miscellaneous Trash,4,524,524
Miscellaneous Trash/Miscellaneous Trash_440.jpg,Miscellaneous Trash,4,524,524
Miscellaneous Trash/Miscellaneous Trash_441.jpg,Miscellaneous Trash,4,524,524
Miscellaneous Trash/Miscellaneous Trash_442.jpg,Miscellaneous Trash,4,524,524
Miscellaneous Trash/Miscellaneous Trash_443.jpg,Miscellaneous Trash,4,524,524
Miscellaneous Trash/Miscellaneous Trash_444.jpg,Miscellaneous Trash,4,524,524
Miscellaneous Trash/Miscellaneous Trash_445.jpg,Miscellaneous Trash,4,524,524
Miscellaneous Trash/Miscellaneous Trash_446.jpg,Miscellaneous Trash,4,524,524
Miscellaneous Trash/Miscellaneous Trash_447.jpg,Miscellaneous Trash,4,524,524
Miscellaneous Trash/Miscellaneous Trash_448.jpg,Miscellaneous Trash,4,524,524
Miscellaneous Trash/Miscellaneous Trash_449.jpg,Miscellaneous Trash,4,524,524
Miscellaneous Trash/Miscellaneous Trash_45.jpg,Miscellaneous Trash,4,524,524
Miscellaneous Trash/Miscellaneous Trash_450.jpg,Miscellaneous Trash,4,524,524
Miscellaneous Trash/Miscellaneous Trash_451.jpg,Miscellaneous Trash,4,524,524
Miscellaneous Trash/Miscellaneous Trash_452.jpg,Miscellaneous Trash,4,524,524
Miscellaneous Trash/Miscellaneous Trash_453.jpg,Miscellaneous Trash,4,524,524
Miscellaneous Trash/Miscellaneous Trash_454.jpg,Miscellaneous Trash,4,524,524
Miscellaneous Trash/Miscellaneous Trash_455.jpg,Miscellaneous Trash,4,524,524
Miscellaneous Trash/Miscellaneous Trash_456.jpg,Miscellaneous Trash,4,524,524
Miscellaneous Trash/Miscellaneous Trash_457.jpg,Miscellaneous Trash,4,524,524
Miscellaneous Trash/Miscellaneous Trash_458.jpg,Miscellaneous Trash,4,524,524
Miscellaneous Trash/Miscellaneous Trash_459.jpg,Miscellaneous Trash,4,524,524
Miscellaneous Trash/Miscellaneous Trash_46.jpg,Miscellaneous Trash,4,524,524
Miscellaneous Trash/Miscellaneous Trash_460.jpg,Miscellaneous Trash,4,524,524
Miscellaneous Trash/Miscellaneous Trash_461.jpg,Miscellaneous Trash,4,524,524
Miscellaneous Trash/Miscellaneous Trash_462.jpg,Miscellaneous Trash,4,524,524
Miscellaneous Trash/Miscellaneous Trash_463.jpg,Miscellaneous Trash,4,524,524
Miscellaneous Trash/Miscellaneous Trash_464.jpg,Miscellaneous Trash,4,524,524
Miscellaneous Trash/Miscellaneous Trash_465.jpg,Miscellaneous Trash,4,524,524
Miscellaneous Trash/Miscellaneous Trash_466.jpg,Miscellaneous Trash,4,524,524
Miscellaneous Trash/Miscellaneous Trash_467.jpg,Miscellaneous Trash,4,524,524
Miscellaneous Trash/Miscellaneous Trash_468.jpg,Miscellaneous Trash,4,524,524
Miscellaneous Trash/Miscellaneous Trash_469.jpg,Miscellaneous Trash,4,524,524
Miscellaneous Trash/Miscellaneous Trash_47.jpg,Miscellaneous Trash,4,524,524
Miscellaneous Trash/Miscellaneous Trash_470.jpg,Miscellaneous Trash,4,524,524
Miscellaneous Trash/Miscellaneous Trash_471.jpg,Miscellaneous Trash,4,524,524
Miscellaneous Trash/Miscellaneous Trash_472.jpg,Miscellaneous Trash,4,524,524
Miscellaneous Trash/Miscellaneous Trash_473.jpg,Miscellaneous Trash,4,524,524
Miscellaneous Trash/Miscellaneous Trash_474.jpg,Miscellaneous Trash,4,524,524
Miscellaneous Trash/Miscellaneous Trash_475.jpg,Miscellaneous Trash,4,524,524
Miscellaneous Trash/Miscellaneous Trash_476.jpg,Miscellaneous Trash,4,524,524
Miscellaneous Trash/Miscellaneous Trash_477.jpg,Miscellaneous Trash,4,524,524
Miscellaneous Trash/Miscellaneous Trash_478.jpg,Miscellaneous Trash,4,524,524
Miscellaneous Trash/Miscellaneous Trash_479.jpg,Miscellaneous Trash,4,524,524
Miscellaneous Trash/Miscellaneous Trash_48.jpg,Miscellaneous Trash,4,524,524
Miscellaneous Trash/Miscellaneous Trash_480.jpg,Miscellaneous Trash,4,524,524
Miscellaneous Trash/Miscellaneous Trash_481.jpg,Miscellaneous Trash,4,524,524
Miscellaneous Trash/Miscellaneous Trash_482.jpg,Miscellaneous Trash,4,524,524
Miscellaneous Trash/Miscellaneous Trash_483.jpg,Miscellaneous Trash,4,524,524
Miscellaneous Trash/Miscellaneous Trash_484.jpg,Miscellaneous Trash,4,524,524
Miscellaneous Trash/Miscellaneous Trash_485.jpg,Miscellaneous Trash,4,524,524
Miscellaneous Trash/Miscellaneous Trash_486.jpg,Miscellaneous Trash,4,524,524
Miscellaneous Trash/Miscellaneous Trash_487.jpg,Miscellaneous Trash,4,524,524
Miscellaneous Trash/Miscellaneous Trash_488.jpg,Miscellaneous Trash,4,524,524
Miscellaneous Trash/Miscellaneous Trash_489.jpg,Miscellaneous Trash,4,524,524
Miscellaneous Trash/Miscellaneous Trash_49.jpg,Miscellaneous Trash,4,524,524
Miscellaneous Trash/Miscellaneous Trash_490.jpg,Miscellaneous Trash,4,524,524
Miscellaneous Trash/Miscellaneous Trash_491.jpg,Miscellaneous Trash,4,524,524
Miscellaneous Trash/Miscellaneous Trash_492.jpg,Miscellaneous Trash,4,524,524
Miscellaneous Trash/Miscellaneous Trash_493.jpg,Miscellaneous Trash,4,524,524
Miscellaneous Trash/Miscellaneous Trash_494.jpg,Miscellaneous Trash,4,524,524
Miscellaneous Trash/Miscellaneous Trash_495.jpg,Miscellaneous Trash,4,524,524
Miscellaneous Trash/Miscellaneous Trash_5.jpg,Miscellaneous Trash,4,524,524
Miscellaneous Trash/Miscellaneous Trash_50.jpg,Miscellaneous Trash,4,524,524
Miscellaneous Trash/Miscellaneous Trash_51.jpg,Miscellaneous Trash,4,524,524
Miscellaneous Trash/Miscellaneous Trash_52.jpg,Miscellaneous Trash,4,524,524
Miscellaneous Trash/Miscellaneous Trash_53.jpg,Miscellaneous Trash,4,524,524
Miscellaneous Trash/Miscellaneous Trash_54.jpg,Miscellaneous Trash,4,524,524
Miscellaneous Trash/Miscellaneous Trash_55.jpg,Miscellaneous Trash,4,524,524
Miscellaneous Trash/Miscellaneous Trash_56.jpg,Miscellaneous Trash,4,524,524
Miscellaneous Trash/Miscellaneous Trash_57.jpg,Miscellaneous Trash,4,524,524
Miscellaneous Trash/Miscellaneous Trash_58.jpg,Miscellaneous Trash,4,524,524
Miscellaneous Trash/Miscellaneous Trash_59.jpg,Miscellaneous Trash,4,524,524
Miscellaneous Trash/Miscellaneous Trash_6.jpg,Miscellaneous Trash,4,524,524
Miscellaneous Trash/Miscellaneous Trash_60.jpg,Miscellaneous Trash,4,524,524
Miscellaneous Trash/Miscellaneous Trash_61.jpg,Miscellaneous Trash,4,524,524
Miscellaneous Trash/Miscellaneous Trash_62.jpg,Miscellaneous Trash,4,524,524
Miscellaneous Trash/Miscellaneous Trash_63.jpg,Miscellaneous Trash,4,524,524
Miscellaneous Trash/Miscellaneous Trash_64.jpg,Miscellaneous Trash,4,524,524
Miscellaneous Trash/Miscellaneous Trash_65.jpg,Miscellaneous Trash,4,524,524
Miscellaneous Trash/Miscellaneous Trash_66.jpg,Miscellaneous Trash,4,524,524
Miscellaneous Trash/Miscellaneous Trash_67.jpg,Miscellaneous Trash,4,524,524
Miscellaneous Trash/Miscellaneous Trash_68.jpg,Miscellaneous Trash,4,524,524
Miscellaneous Trash/Miscellaneous Trash_69.jpg,Miscellaneous Trash,4,524,524
Miscellaneous Trash/Miscellaneous Trash_7.jpg,Miscellaneous Trash,4,524,524
Miscellaneous Trash/Miscellaneous Trash_70.jpg,Miscellaneous Trash,4,524,524
Miscellaneous Trash/Miscellaneous Trash_71.jpg,Miscellaneous Trash,4,524,524
Miscellaneous Trash/Miscellaneous Trash_72.jpg,Miscellaneous Trash,4,524,524
Miscellaneous Trash/Miscellaneous Trash_73.jpg,Miscellaneous Trash,4,524,524
Miscellaneous Trash/Miscellaneous Trash_74.jpg,Miscellaneous Trash,4,524,524
Miscellaneous Trash/Miscellaneous Trash_75.jpg,Miscellaneous Trash,4,524,524
Miscellaneous Trash/Miscellaneous Trash_76.jpg,Miscellaneous Trash,4,524,524
Miscellaneous Trash/Miscellaneous Trash_77.jpg,Miscellaneous Trash,4,524,524
Miscellaneous Trash/Miscellaneous Trash_78.jpg,Miscellaneous Trash,4,524,524
Miscellaneous Trash/Miscellaneous Trash_79.jpg,Miscellaneous Trash,4,524,524
Miscellaneous Trash/Miscellaneous Trash_8.jpg,Miscellaneous Trash,4,524,524
Miscellaneous Trash/Miscellaneous Trash_80.jpg,Miscellaneous Trash,4,524,524
Miscellaneous Trash/Miscellaneous Trash_81.jpg,Miscellaneous Trash,4,524,524
Miscellaneous Trash/Miscellaneous Trash_82.jpg,Miscellaneous Trash,4,524,524
Miscellaneous Trash/Miscellaneous Trash_83.jpg,Miscellaneous Trash,4,524,524
Miscellaneous Trash/Miscellaneous Trash_84.jpg,Miscellaneous Trash,4,524,524
Miscellaneous Trash/Miscellaneous Trash_85.jpg,Miscellaneous Trash,4,524,524
Miscellaneous Trash/Miscellaneous Trash_86.jpg,Miscellaneous Trash,4,524,524
Miscellaneous Trash/Miscellaneous Trash_87.jpg,Miscellaneous Trash,4,524,524
Miscellaneous Trash/Miscellaneous Trash_88.jpg,Miscellaneous Trash,4,524,524
Miscellaneous Trash/Miscellaneous Trash_89.jpg,Miscellaneous Trash,4,524,524
Miscellaneous Trash/Miscellaneous Trash_9.jpg,Miscellaneous Trash,4,524,524
Miscellaneous Trash/Miscellaneous Trash_90.jpg,Miscellaneous Trash,4,524,524
Miscellaneous Trash/Miscellaneous Trash_91.jpg,Miscellaneous Trash,4,524,524
Miscellaneous Trash/Miscellaneous Trash_92.jpg,Miscellaneous Trash,4,524,524
Miscellaneous Trash/Miscellaneous Trash_93.jpg,Miscellaneous Trash,4,524,524
Miscellaneous Trash/Miscellaneous Trash_94.jpg,Miscellaneous Trash,4,524,524
Miscellaneous Trash/Miscellaneous Trash_95.jpg,Miscellaneous Trash,4,524,524
Miscellaneous Trash/Miscellaneous Trash_96.jpg,Miscellaneous Trash,4,524,524
Miscellaneous Trash/Miscellaneous Trash_97.jpg,Miscellaneous Trash,4,524,524
Miscellaneous Trash/Miscellaneous Trash_98.jpg,Miscellaneous Trash,4,524,524
Miscellaneous Trash/Miscellaneous Trash_99.jpg,Miscellaneous Trash,4,524,524
Paper/Paper_1.jpg,Paper,5,524,524
Paper/Paper_10.jpg,Paper,5,524,524
Paper/Paper_100.jpg,Paper,5,524,524
Paper/Paper_101.jpg,Paper,5,524,524
Paper/Paper_102.jpg,Paper,5,524,524
Paper/Paper_103.jpg,Paper,5,524,524
Paper/Paper_104.jpg,Paper,5,524,524
Paper/Paper_105.jpg,Paper,5,524,524
Paper/Paper_106.jpg,Paper,5,524,524
Paper/Paper_107.jpg,Paper,5,524,524
Paper/Paper_108.jpg,Paper,5,524,524
Paper/Paper_109.jpg,Paper,5,524,524
Paper/Paper_11.jpg,Paper,5,524,524
Paper/Paper_110.jpg,Paper,5,524,524
Paper/Paper_111.jpg,Paper,5,524,524
Paper/Paper_112.jpg,Paper,5,524,524
Paper/Paper_113.jpg,Paper,5,524,524
Paper/Paper_114.jpg,Paper,5,524,524
Paper/Paper_115.jpg,Paper,5,524,524
Paper/Paper_116.jpg,Paper,5,524,524
Paper/Paper_117.jpg,Paper,5,524,524
Paper/Paper_118.jpg,Paper,5,524,524
Paper/Paper_119.jpg,Paper,5,524,524
Paper/Paper_12.jpg,Paper,5,524,524
Paper/Paper_120.jpg,Paper,5,524,524
Paper/Paper_121.jpg,Paper,5,524,524
Paper/Paper_122.jpg,Paper,5,524,524
Paper/Paper_123.jpg,Paper,5,524,524
Paper/Paper_124.jpg,Paper,5,524,524
Paper/Paper_125.jpg,Paper,5,524,524
Paper/Paper_126.jpg,Paper,5,524,524
Paper/Paper_127.jpg,Paper,5,524,524
Paper/Paper_128.jpg,Paper,5,524,524
Paper/Paper_129.jpg,Paper,5,524,524
Paper/Paper_13.jpg,Paper,5,524,524
Paper/Paper_130.jpg,Paper,5,524,524
Paper/Paper_131.jpg,Paper,5,524,524
Paper/Paper_132.jpg,Paper,5,524,524
Paper/Paper_133.jpg,Paper,5,524,524
Paper/Paper_134.jpg,Paper,5,524,524
Paper/Paper_135.jpg,Paper,5,524,524
Paper/Paper_136.jpg,Paper,5,524,524
Paper/Paper_137.jpg,Paper,5,524,524
Paper/Paper_138.jpg,Paper,5,524,524
Paper/Paper_139.jpg,Paper,5,524,524
Paper/Paper_14.jpg,Paper,5,524,524
Paper/Paper_140.jpg,Paper,5,524,524
Paper/Paper_141.jpg,Paper,5,524,524
Paper/Paper_142.jpg,Paper,5,524,524
Paper/Paper_143.jpg,Paper,5,524,524
Paper/Paper_144.jpg,Paper,5,524,524
Paper/Paper_145.jpg,Paper,5,524,524
Paper/Paper_146.jpg,Paper,5,524,524
Paper/Paper_147.jpg,Paper,5,524,524
Paper/Paper_148.jpg,Paper,5,524,524
Paper/Paper_149.jpg,Paper,5,524,524
Paper/Paper_15.jpg,Paper,5,524,524
Paper/Paper_150.jpg,Paper,5,524,524
Paper/Paper_151.jpg,Paper,5,524,524
Paper/Paper_152.jpg,Paper,5,524,524
Paper/Paper_153.jpg,Paper,5,524,524
Paper/Paper_154.jpg,Paper,5,524,524
Paper/Paper_155.jpg,Paper,5,524,524
Paper/Paper_156.jpg,Paper,5,524,524
Paper/Paper_157.jpg,Paper,5,524,524
Paper/Paper_158.jpg,Paper,5,524,524
Paper/Paper_159.jpg,Paper,5,524,524
Paper/Paper_16.jpg,Paper,5,524,524
Paper/Paper_160.jpg,Paper,5,524,524
Paper/Paper_161.jpg,Paper,5,524,524
Paper/Paper_162.jpg,Paper,5,524,524
Paper/Paper_163.jpg,Paper,5,524,524
Paper/Paper_164.jpg,Paper,5,524,524
Paper/Paper_165.jpg,Paper,5,524,524
Paper/Paper_166.jpg,Paper,5,524,524
Paper/Paper_167.jpg,Paper,5,524,524
Paper/Paper_168.jpg,Paper,5,524,524
Paper/Paper_169.jpg,Paper,5,524,524
Paper/Paper_17.jpg,Paper,5,524,524
Paper/Paper_170.jpg,Paper,5,524,524
Paper/Paper_171.jpg,Paper,5,524,524
Paper/Paper_172.jpg,Paper,5,524,524
Paper/Paper_173.jpg,Paper,5,524,524
Paper/Paper_174.jpg,Paper,5,524,524
Paper/Paper_175.jpg,Paper,5,524,524
Paper/Paper_176.jpg,Paper,5,524,524
Paper/Paper_177.jpg,Paper,5,524,524
Paper/Paper_178.jpg,Paper,5,524,524
Paper/Paper_179.jpg,Paper,5,524,524
Paper/Paper_18.jpg,Paper,5,524,524
Paper/Paper_180.jpg,Paper,5,524,524
Paper/Paper_181.jpg,Paper,5,524,524
Paper/Paper_182.jpg,Paper,5,524,524
Paper/Paper_183.jpg,Paper,5,524,524
Paper/Paper_184.jpg,Paper,5,524,524
Paper/Paper_185.jpg,Paper,5,524,524
Paper/Paper_186.jpg,Paper,5,524,524
Paper/Paper_187.jpg,Paper,5,524,524
Paper/Paper_188.jpg,Paper,5,524,524
Paper/Paper_189.jpg,Paper,5,524,524
Paper/Paper_19.jpg,Paper,5,524,524
Paper/Paper_190.jpg,Paper,5,524,524
Paper/Paper_191.jpg,Paper,5,524,524
Paper/Paper_192.jpg,Paper,5,524,524
Paper/Paper_193.jpg,Paper,5,524,524
Paper/Paper_194.jpg,Paper,5,524,524
Paper/Paper_195.jpg,Paper,5,524,524
Paper/Paper_196.jpg,Paper,5,524,524
Paper/Paper_197.jpg,Paper,5,524,524
Paper/Paper_198.jpg,Paper,5,524,524
Paper/Paper_199.jpg,Paper,5,524,524
Paper/Paper_2.jpg,Paper,5,524,524
Paper/Paper_20.jpg,Paper,5,524,524
Paper/Paper_200.jpg,Paper,5,524,524
Paper/Paper_201.jpg,Paper,5,524,524
Paper/Paper_202.jpg,Paper,5,524,524
Paper/Paper_203.jpg,Paper,5,524,524
Paper/Paper_204.jpg,Paper,5,524,524
Paper/Paper_205.jpg,Paper,5,524,524
Paper/Paper_206.jpg,Paper,5,524,524
Paper/Paper_207.jpg,Paper,5,524,524
Paper/Paper_208.jpg,Paper,5,524,524
Paper/Paper_209.jpg,Paper,5,524,524
Paper/Paper_21.jpg,Paper,5,524,524
Paper/Paper_210.jpg,Paper,5,524,524
Paper/Paper_211.jpg,Paper,5,524,524
Paper/Paper_212.jpg,Paper,5,524,524
Paper/Paper_213.jpg,Paper,5,524,524
Paper/Paper_214.jpg,Paper,5,524,524
Paper/Paper_215.jpg,Paper,5,524,524
Paper/Paper_216.jpg,Paper,5,524,524
Paper/Paper_217.jpg,Paper,5,524,524
Paper/Paper_218.jpg,Paper,5,524,524
Paper/Paper_219.jpg,Paper,5,524,524
Paper/Paper_22.jpg,Paper,5,524,524
Paper/Paper_220.jpg,Paper,5,524,524
Paper/Paper_221.jpg,Paper,5,524,524
Paper/Paper_222.jpg,Paper,5,524,524
Paper/Paper_223.jpg,Paper,5,524,524
Paper/Paper_224.jpg,Paper,5,524,524
Paper/Paper_225.jpg,Paper,5,524,524
Paper/Paper_226.jpg,Paper,5,524,524
Paper/Paper_227.jpg,Paper,5,524,524
Paper/Paper_228.jpg,Paper,5,524,524
Paper/Paper_229.jpg,Paper,5,524,524
Paper/Paper_23.jpg,Paper,5,524,524
Paper/Paper_230.jpg,Paper,5,524,524
Paper/Paper_231.jpg,Paper,5,524,524
Paper/Paper_232.jpg,Paper,5,524,524
Paper/Paper_233.jpg,Paper,5,524,524
Paper/Paper_234.jpg,Paper,5,524,524
Paper/Paper_235.jpg,Paper,5,524,524
Paper/Paper_236.jpg,Paper,5,524,524
Paper/Paper_237.jpg,Paper,5,524,524
Paper/Paper_238.jpg,Paper,5,524,524
Paper/Paper_239.jpg,Paper,5,524,524
Paper/Paper_24.jpg,Paper,5,524,524
Paper/Paper_240.jpg,Paper,5,524,524
Paper/Paper_241.jpg,Paper,5,524,524
Paper/Paper_242.jpg,Paper,5,524,524
Paper/Paper_243.jpg,Paper,5,524,524
Paper/Paper_244.jpg,Paper,5,524,524
Paper/Paper_245.jpg,Paper,5,524,524
Paper/Paper_246.jpg,Paper,5,524,524
Paper/Paper_247.jpg,Paper,5,524,524
Paper/Paper_248.jpg,Paper,5,524,524
Paper/Paper_249.jpg,Paper,5,524,524
Paper/Paper_25.jpg,Paper,5,524,524
Paper/Paper_250.jpg,Paper,5,524,524
Paper/Paper_251.jpg,Paper,5,524,524
Paper/Paper_252.jpg,Paper,5,524,524
Paper/Paper_253.jpg,Paper,5,524,524
Paper/Paper_254.jpg,Paper,5,524,524
Paper/Paper_255.jpg,Paper,5,524,524
Paper/Paper_256.jpg,Paper,5,524,524
Paper/Paper_257.jpg,Paper,5,524,524
Paper/Paper_258.jpg,Paper,5,524,524
Paper/Paper_259.jpg,Paper,5,524,524
Paper/Paper_26.jpg,Paper,5,524,524
Paper/Paper_260.jpg,Paper,5,524,524
Paper/Paper_261.jpg,Paper,5,524,524
Paper/Paper_262.jpg,Paper,5,524,524
Paper/Paper_263.jpg,Paper,5,524,524
Paper/Paper_264.jpg,Paper,5,524,524
Paper/Paper_265.jpg,Paper,5,524,524
Paper/Paper_266.jpg,Paper,5,524,524
Paper/Paper_267.jpg,Paper,5,524,524
Paper/Paper_268.jpg,Paper,5,524,524
Paper/Paper_269.jpg,Paper,5,524,524
Paper/Paper_27.jpg,Paper,5,524,524
Paper/Paper_270.jpg,Paper,5,524,524
Paper/Paper_271.jpg,Paper,5,524,524
Paper/Paper_272.jpg,Paper,5,524,524
Paper/Paper_273.jpg,Paper,5,524,524
Paper/Paper_274.jpg,Paper,5,524,524
Paper/Paper_275.jpg,Paper,5,524,524
Paper/Paper_276.jpg,Paper,5,524,524
Paper/Paper_277.jpg,Paper,5,524,524
Paper/Paper_278.jpg,Paper,5,524,524
Paper/Paper_279.jpg,Paper,5,524,524
Paper/Paper_28.jpg,Paper,5,524,524
Paper/Paper_280.jpg,Paper,5,524,524
Paper/Paper_281.jpg,Paper,5,524,524
Paper/Paper_282.jpg,Paper,5,524,524
Paper/Paper_283.jpg,Paper,5,524,524
Paper/Paper_284.jpg,Paper,5,524,524
Paper/Paper_285.jpg,Paper,5,524,524
Paper/Paper_286.jpg,Paper,5,524,524
Paper/Paper_287.jpg,Paper,5,524,524
Paper/Paper_288.jpg,Paper,5,524,524
Paper/Paper_289.jpg,Paper,5,524,524
Paper/Paper_29.jpg,Paper,5,524,524
Paper/Paper_290.jpg,Paper,5,524,524
Paper/Paper_291.jpg,Paper,5,524,524
Paper/Paper_292.jpg,Paper,5,524,524
Paper/Paper_293.jpg,Paper,5,524,524
Paper/Paper_294.jpg,Paper,5,524,524
Paper/Paper_295.jpg,Paper,5,524,524
Paper/Paper_296.jpg,Paper,5,524,524
Paper/Paper_297.jpg,Paper,5,524,524
Paper/Paper_298.jpg,Paper,5,524,524
Paper/Paper_299.jpg,Paper,5,524,524
Paper/Paper_3.jpg,Paper,5,524,524
Paper/Paper_30.jpg,Paper,5,524,524
Paper/Paper_300.jpg,Paper,5,524,524
Paper/Paper_301.jpg,Paper,5,524,524
Paper/Paper_302.jpg,Paper,5,524,524
Paper/Paper_303.jpg,Paper,5,524,524
Paper/Paper_304.jpg,Paper,5,524,524
Paper/Paper_305.jpg,Paper,5,524,524
Paper/Paper_306.jpg,Paper,5,524,524
Paper/Paper_307.jpg,Paper,5,524,524
Paper/Paper_308.jpg,Paper,5,524,524
Paper/Paper_309.jpg,Paper,5,524,524
Paper/Paper_31.jpg,Paper,5,524,524
Paper/Paper_310.jpg,Paper,5,524,524
Paper/Paper_311.jpg,Paper,5,524,524
Paper/Paper_312.jpg,Paper,5,524,524
Paper/Paper_313.jpg,Paper,5,524,524
Paper/Paper_314.jpg,Paper,5,524,524
Paper/Paper_315.jpg,Paper,5,524,524
Paper/Paper_316.jpg,Paper,5,524,524
Paper/Paper_317.jpg,Paper,5,524,524
Paper/Paper_318.jpg,Paper,5,524,524
Paper/Paper_319.jpg,Paper,5,524,524
Paper/Paper_32.jpg,Paper,5,524,524
Paper/Paper_320.jpg,Paper,5,524,524
Paper/Paper_321.jpg,Paper,5,524,524
Paper/Paper_322.jpg,Paper,5,524,524
Paper/Paper_323.jpg,Paper,5,524,524
Paper/Paper_324.jpg,Paper,5,524,524
Paper/Paper_325.jpg,Paper,5,524,524
Paper/Paper_326.jpg,Paper,5,524,524
Paper/Paper_327.jpg,Paper,5,524,524
Paper/Paper_328.jpg,Paper,5,524,524
Paper/Paper_329.jpg,Paper,5,524,524
Paper/Paper_33.jpg,Paper,5,524,524
Paper/Paper_330.jpg,Paper,5,524,524
Paper/Paper_331.jpg,Paper,5,524,524
Paper/Paper_332.jpg,Paper,5,524,524
Paper/Paper_333.jpg,Paper,5,524,524
Paper/Paper_334.jpg,Paper,5,524,524
Paper/Paper_335.jpg,Paper,5,524,524
Paper/Paper_336.jpg,Paper,5,524,524
Paper/Paper_337.jpg,Paper,5,524,524
Paper/Paper_338.jpg,Paper,5,524,524
Paper/Paper_339.jpg,Paper,5,524,524
Paper/Paper_34.jpg,Paper,5,524,524
Paper/Paper_340.jpg,Paper,5,524,524
Paper/Paper_341.jpg,Paper,5,524,524
Paper/Paper_342.jpg,Paper,5,524,524
Paper/Paper_343.jpg,Paper,5,524,524
Paper/Paper_344.jpg,Paper,5,524,524
Paper/Paper_345.jpg,Paper,5,524,524
Paper/Paper_346.jpg,Paper,5,524,524
Paper/Paper_347.jpg,Paper,5,524,524
Paper/Paper_348.jpg,Paper,5,524,524
Paper/Paper_349.jpg,Paper,5,524,524
Paper/Paper_35.jpg,Paper,5,524,524
Paper/Paper_350.jpg,Paper,5,524,524
Paper/Paper_351.jpg,Paper,5,524,524
Paper/Paper_352.jpg,Paper,5,524,524
Paper/Paper_353.jpg,Paper,5,524,524
Paper/Paper_354.jpg,Paper,5,524,524
Paper/Paper_355.jpg,Paper,5,524,524
Paper/Paper_356.jpg,Paper,5,524,524
Paper/Paper_357.jpg,Paper,5,524,524
Paper/Paper_358.jpg,Paper,5,524,524
Paper/Paper_359.jpg,Paper,5,524,524
Paper/Paper_36.jpg,Paper,5,524,524
Paper/Paper_360.jpg,Paper,5,524,524
Paper/Paper_361.jpg,Paper,5,524,524
Paper/Paper_362.jpg,Paper,5,524,524
Paper/Paper_363.jpg,Paper,5,524,524
Paper/Paper_364.jpg,Paper,5,524,524
Paper/Paper_365.jpg,Paper,5,524,524
Paper/Paper_366.jpg,Paper,5,524,524
Paper/Paper_367.jpg,Paper,5,524,524
Paper/Paper_368.jpg,Paper,5,524,524
Paper/Paper_369.jpg,Paper,5,524,524
Paper/Paper_37.jpg,Paper,5,524,524
Paper/Paper_370.jpg,Paper,5,524,524
Paper/Paper_371.jpg,Paper,5,524,524
Paper/Paper_372.jpg,Paper,5,524,524
Paper/Paper_373.jpg,Paper,5,524,524
Paper/Paper_374.jpg,Paper,5,524,524
Paper/Paper_375.jpg,Paper,5,524,524
Paper/Paper_376.jpg,Paper,5,524,524
Paper/Paper_377.jpg,Paper,5,524,524
Paper/Paper_378.jpg,Paper,5,524,524
Paper/Paper_379.jpg,Paper,5,524,524
Paper/Paper_38.jpg,Paper,5,524,524
Paper/Paper_380.jpg,Paper,5,524,524
Paper/Paper_381.jpg,Paper,5,524,524
Paper/Paper_382.jpg,Paper,5,524,524
Paper/Paper_383.jpg,Paper,5,524,524
Paper/Paper_384.jpg,Paper,5,524,524
Paper/Paper_385.jpg,Paper,5,524,524
Paper/Paper_386.jpg,Paper,5,524,524
Paper/Paper_387.jpg,Paper,5,524,524
Paper/Paper_388.jpg,Paper,5,524,524
Paper/Paper_389.jpg,Paper,5,524,524
Paper/Paper_39.jpg,Paper,5,524,524
Paper/Paper_390.jpg,Paper,5,524,524
Paper/Paper_391.jpg,Paper,5,524,524
Paper/Paper_392.jpg,Paper,5,524,524
Paper/Paper_393.jpg,Paper,5,524,524
Paper/Paper_394.jpg,Paper,5,524,524
Paper/Paper_395.jpg,Paper,5,524,524
Paper/Paper_396.jpg,Paper,5,524,524
Paper/Paper_397.jpg,Paper,5,524,524
Paper/Paper_398.jpg,Paper,5,524,524
Paper/Paper_399.jpg,Paper,5,524,524
Paper/Paper_4.jpg,Paper,5,524,524
Paper/Paper_40.jpg,Paper,5,524,524
Paper/Paper_400.jpg,Paper,5,524,524
Paper/Paper_401.jpg,Paper,5,524,524
Paper/Paper_402.jpg,Paper,5,524,524
Paper/Paper_403.jpg,Paper,5,524,524
Paper/Paper_404.jpg,Paper,5,524,524
Paper/Paper_405.jpg,Paper,5,524,524
Paper/Paper_406.jpg,Paper,5,524,524
Paper/Paper_407.jpg,Paper,5,524,524
Paper/Paper_408.jpg,Paper,5,524,524
Paper/Paper_409.jpg,Paper,5,524,524
Paper/Paper_41.jpg,Paper,5,524,524
Paper/Paper_410.jpg,Paper,5,524,524
Paper/Paper_411.jpg,Paper,5,524,524
Paper/Paper_412.jpg,Paper,5,524,524
Paper/Paper_413.jpg,Paper,5,524,524
Paper/Paper_414.jpg,Paper,5,524,524
Paper/Paper_415.jpg,Paper,5,524,524
Paper/Paper_416.jpg,Paper,5,524,524
Paper/Paper_417.jpg,Paper,5,524,524
Paper/Paper_418.jpg,Paper,5,524,524
Paper/Paper_419.jpg,Paper,5,524,524
Paper/Paper_42.jpg,Paper,5,524,524
Paper/Paper_420.jpg,Paper,5,524,524
Paper/Paper_421.jpg,Paper,5,524,524
Paper/Paper_422.jpg,Paper,5,524,524
Paper/Paper_423.jpg,Paper,5,524,524
Paper/Paper_424.jpg,Paper,5,524,524
Paper/Paper_425.jpg,Paper,5,524,524
Paper/Paper_426.jpg,Paper,5,524,524
Paper/Paper_427.jpg,Paper,5,524,524
Paper/Paper_428.jpg,Paper,5,524,524
Paper/Paper_429.jpg,Paper,5,524,524
Paper/Paper_43.jpg,Paper,5,524,524
Paper/Paper_430.jpg,Paper,5,524,524
Paper/Paper_431.jpg,Paper,5,524,524
Paper/Paper_432.jpg,Paper,5,524,524
Paper/Paper_433.jpg,Paper,5,524,524
Paper/Paper_434.jpg,Paper,5,524,524
Paper/Paper_435.jpg,Paper,5,524,524
Paper/Paper_436.jpg,Paper,5,524,524
Paper/Paper_437.jpg,Paper,5,524,524
Paper/Paper_438.jpg,Paper,5,524,524
Paper/Paper_439.jpg,Paper,5,524,524
Paper/Paper_44.jpg,Paper,5,524,524
Paper/Paper_440.jpg,Paper,5,524,524
Paper/Paper_441.jpg,Paper,5,524,524
Paper/Paper_442.jpg,Paper,5,524,524
Paper/Paper_443.jpg,Paper,5,524,524
Paper/Paper_444.jpg,Paper,5,524,524
Paper/Paper_445.jpg,Paper,5,524,524
Paper/Paper_446.jpg,Paper,5,524,524
Paper/Paper_447.jpg,Paper,5,524,524
Paper/Paper_448.jpg,Paper,5,524,524
Paper/Paper_449.jpg,Paper,5,524,524
Paper/Paper_45.jpg,Paper,5,524,524
Paper/Paper_450.jpg,Paper,5,524,524
Paper/Paper_451.jpg,Paper,5,524,524
Paper/Paper_452.jpg,Paper,5,524,524
Paper/Paper_453.jpg,Paper,5,524,524
Paper/Paper_454.jpg,Paper,5,524,524
Paper/Paper_455.jpg,Paper,5,524,524
Paper/Paper_456.jpg,Paper,5,524,524
Paper/Paper_457.jpg,Paper,5,524,524
Paper/Paper_458.jpg,Paper,5,524,524
Paper/Paper_459.jpg,Paper,5,524,524
Paper/Paper_46.jpg,Paper,5,524,524
Paper/Paper_460.jpg,Paper,5,524,524
Paper/Paper_461.jpg,Paper,5,524,524
Paper/Paper_462.jpg,Paper,5,524,524
Paper/Paper_463.jpg,Paper,5,524,524
Paper/Paper_464.jpg,Paper,5,524,524
Paper/Paper_465.jpg,Paper,5,524,524
Paper/Paper_466.jpg,Paper,5,524,524
Paper/Paper_467.jpg,Paper,5,524,524
Paper/Paper_468.jpg,Paper,5,524,524
Paper/Paper_469.jpg,Paper,5,524,524
Paper/Paper_47.jpg,Paper,5,524,524
Paper/Paper_470.jpg,Paper,5,524,524
Paper/Paper_471.jpg,Paper,5,524,524
Paper/Paper_472.jpg,Paper,5,524,524
Paper/Paper_473.jpg,Paper,5,524,524
Paper/Paper_474.jpg,Paper,5,524,524
Paper/Paper_475.jpg,Paper,5,524,524
Paper/Paper_476.jpg,Paper,5,524,524
Paper/Paper_477.jpg,Paper,5,524,524
Paper/Paper_478.jpg,Paper,5,524,524
Paper/Paper_479.jpg,Paper,5,524,524
Paper/Paper_48.jpg,Paper,5,524,524
Paper/Paper_480.jpg,Paper,5,524,524
Paper/Paper_481.jpg,Paper,5,524,524
Paper/Paper_482.jpg,Paper,5,524,524
Paper/Paper_483.jpg,Paper,5,524,524
Paper/Paper_484.jpg,Paper,5,524,524
Paper/Paper_485.jpg,Paper,5,524,524
Paper/Paper_486.jpg,Paper,5,524,524
Paper/Paper_487.jpg,Paper,5,524,524
Paper/Paper_488.jpg,Paper,5,524,524
Paper/Paper_489.jpg,Paper,5,524,524
Paper/Paper_49.jpg,Paper,5,524,524
Paper/Paper_490.jpg,Paper,5,524,524
Paper/Paper_491.jpg,Paper,5,524,524
Paper/Paper_492.jpg,Paper,5,524,524
Paper/Paper_493.jpg,Paper,5,524,524
Paper/Paper_494.jpg,Paper,5,524,524
Paper/Paper_495.jpg,Paper,5,524,524
Paper/Paper_496.jpg,Paper,5,524,524
Paper/Paper_497.jpg,Paper,5,524,524
Paper/Paper_498.jpg,Paper,5,524,524
Paper/Paper_499.jpg,Paper,5,524,524
Paper/Paper_5.jpg,Paper,5,524,524
Paper/Paper_50.jpg,Paper,5,524,524
Paper/Paper_500.jpg,Paper,5,524,524
Paper/Paper_51.jpg,Paper,5,524,524
Paper/Paper_52.jpg,Paper,5,524,524
Paper/Paper_53.jpg,Paper,5,524,524
Paper/Paper_54.jpg,Paper,5,524,524
Paper/Paper_55.jpg,Paper,5,524,524
Paper/Paper_56.jpg,Paper,5,524,524
Paper/Paper_57.jpg,Paper,5,524,524
Paper/Paper_58.jpg,Paper,5,524,524
Paper/Paper_59.jpg,Paper,5,524,524
Paper/Paper_6.jpg,Paper,5,524,524
Paper/Paper_60.jpg,Paper,5,524,524
Paper/Paper_61.jpg,Paper,5,524,524
Paper/Paper_62.jpg,Paper,5,524,524
Paper/Paper_63.jpg,Paper,5,524,524
Paper/Paper_64.jpg,Paper,5,524,524
Paper/Paper_65.jpg,Paper,5,524,524
Paper/Paper_66.jpg,Paper,5,524,524
Paper/Paper_67.jpg,Paper,5,524,524
Paper/Paper_68.jpg,Paper,5,524,524
Paper/Paper_69.jpg,Paper,5,524,524
Paper/Paper_7.jpg,Paper,5,524,524
Paper/Paper_70.jpg,Paper,5,524,524
Paper/Paper_71.jpg,Paper,5,524,524
Paper/Paper_72.jpg,Paper,5,524,524
Paper/Paper_73.jpg,Paper,5,524,524
Paper/Paper_74.jpg,Paper,5,524,524
Paper/Paper_75.jpg,Paper,5,524,524
Paper/Paper_76.jpg,Paper,5,524,524
Paper/Paper_77.jpg,Paper,5,524,524
Paper/Paper_78.jpg,Paper,5,524,524
Paper/Paper_79.jpg,Paper,5,524,524
Paper/Paper_8.jpg,Paper,5,524,524
Paper/Paper_80.jpg,Paper,5,524,524
Paper/Paper_81.jpg,Paper,5,524,524
Paper/Paper_82.jpg,Paper,5,524,524
Paper/Paper_83.jpg,Paper,5,524,524
Paper/Paper_84.jpg,Paper,5,524,524
Paper/Paper_85.jpg,Paper,5,524,524
Paper/Paper_86.jpg,Paper,5,524,524
Paper/Paper_87.jpg,Paper,5,524,524
Paper/Paper_88.jpg,Paper,5,524,524
Paper/Paper_89.jpg,Paper,5,524,524
Paper/Paper_9.jpg,Paper,5,524,524
Paper/Paper_90.jpg,Paper,5,524,524
Paper/Paper_91.jpg,Paper,5,524,524
Paper/Paper_92.jpg,Paper,5,524,524
Paper/Paper_93.jpg,Paper,5,524,524
Paper/Paper_94.jpg,Paper,5,524,524
Paper/Paper_95.jpg,Paper,5,524,524
Paper/Paper_96.jpg,Paper,5,524,524
Paper/Paper_97.jpg,Paper,5,524,524
Paper/Paper_98.jpg,Paper,5,524,524
Paper/Paper_99.jpg,Paper,5,524,524
Plastic/Plastic_1.jpg,Plastic,6,524,524
Plastic/Plastic_10.jpg,Plastic,6,524,524
Plastic/Plastic_100.jpg,Plastic,6,524,524
Plastic/Plastic_101.jpg,Plastic,6,524,524
Plastic/Plastic_102.jpg,Plastic,6,524,524
Plastic/Plastic_103.jpg,Plastic,6,524,524
Plastic/Plastic_104.jpg,Plastic,6,524,524
Plastic/Plastic_105.jpg,Plastic,6,524,524
Plastic/Plastic_106.jpg,Plastic,6,524,524
Plastic/Plastic_107.jpg,Plastic,6,524,524
Plastic/Plastic_108.jpg,Plastic,6,524,524
Plastic/Plastic_109.jpg,Plastic,6,524,524
Plastic/Plastic_11.jpg,Plastic,6,524,524
Plastic/Plastic_110.jpg,Plastic,6,524,524
Plastic/Plastic_111.jpg,Plastic,6,524,524
Plastic/Plastic_112.jpg,Plastic,6,524,524
Plastic/Plastic_113.jpg,Plastic,6,524,524
Plastic/Plastic_114.jpg,Plastic,6,524,524
Plastic/Plastic_115.jpg,Plastic,6,524,524
Plastic/Plastic_116.jpg,Plastic,6,524,524
Plastic/Plastic_117.jpg,Plastic,6,524,524
Plastic/Plastic_118.jpg,Plastic,6,524,524
Plastic/Plastic_119.jpg,Plastic,6,524,524
Plastic/Plastic_12.jpg,Plastic,6,524,524
Plastic/Plastic_120.jpg,Plastic,6,524,524
Plastic/Plastic_121.jpg,Plastic,6,524,524
Plastic/Plastic_122.jpg,Plastic,6,524,524
Plastic/Plastic_123.jpg,Plastic,6,524,524
Plastic/Plastic_124.jpg,Plastic,6,524,524
Plastic/Plastic_125.jpg,Plastic,6,524,524
Plastic/Plastic_126.jpg,Plastic,6,524,524
Plastic/Plastic_127.jpg,Plastic,6,524,524
Plastic/Plastic_128.jpg,Plastic,6,524,524
Plastic/Plastic_129.jpg,Plastic,6,524,524
Plastic/Plastic_13.jpg,Plastic,6,524,524
Plastic/Plastic_130.jpg,Plastic,6,524,524
Plastic/Plastic_131.jpg,Plastic,6,524,524
Plastic/Plastic_132.jpg,Plastic,6,524,524
Plastic/Plastic_133.jpg,Plastic,6,524,524
Plastic/Plastic_134.jpg,Plastic,6,524,524
Plastic/Plastic_135.jpg,Plastic,6,524,524
Plastic/Plastic_136.jpg,Plastic,6,524,524
Plastic/Plastic_137.jpg,Plastic,6,524,524
Plastic/Plastic_138.jpg,Plastic,6,524,524
Plastic/Plastic_139.jpg,Plastic,6,524,524
Plastic/Plastic_14.jpg,Plastic,6,524,524
Plastic/Plastic_140.jpg,Plastic,6,524,524
Plastic/Plastic_141.jpg,Plastic,6,524,524
Plastic/Plastic_142.jpg,Plastic,6,524,524
Plastic/Plastic_143.jpg,Plastic,6,524,524
Plastic/Plastic_144.jpg,Plastic,6,524,524
Plastic/Plastic_145.jpg,Plastic,6,524,524
Plastic/Plastic_146.jpg,Plastic,6,524,524
Plastic/Plastic_147.jpg,Plastic,6,524,524
Plastic/Plastic_148.jpg,Plastic,6,524,524
Plastic/Plastic_149.jpg,Plastic,6,524,524
Plastic/Plastic_15.jpg,Plastic,6,524,524
Plastic/Plastic_150.jpg,Plastic,6,524,524
Plastic/Plastic_151.jpg,Plastic,6,524,524
Plastic/Plastic_152.jpg,Plastic,6,524,524
Plastic/Plastic_153.jpg,Plastic,6,524,524
Plastic/Plastic_154.jpg,Plastic,6,524,524
Plastic/Plastic_155.jpg,Plastic,6,524,524
Plastic/Plastic_156.jpg,Plastic,6,524,524
Plastic/Plastic_157.jpg,Plastic,6,524,524
Plastic/Plastic_158.jpg,Plastic,6,524,524
Plastic/Plastic_159.jpg,Plastic,6,524,524
Plastic/Plastic_16.jpg,Plastic,6,524,524
Plastic/Plastic_160.jpg,Plastic,6,524,524
Plastic/Plastic_161.jpg,Plastic,6,524,524
Plastic/Plastic_162.jpg,Plastic,6,524,524
Plastic/Plastic_163.jpg,Plastic,6,524,524
Plastic/Plastic_164.jpg,Plastic,6,524,524
Plastic/Plastic_165.jpg,Plastic,6,524,524
Plastic/Plastic_166.jpg,Plastic,6,524,524
Plastic/Plastic_167.jpg,Plastic,6,524,524
Plastic/Plastic_168.jpg,Plastic,6,524,524
Plastic/Plastic_169.jpg,Plastic,6,524,524
Plastic/Plastic_17.jpg,Plastic,6,524,524
Plastic/Plastic_170.jpg,Plastic,6,524,524
Plastic/Plastic_171.jpg,Plastic,6,524,524
Plastic/Plastic_172.jpg,Plastic,6,524,524
Plastic/Plastic_173.jpg,Plastic,6,524,524
Plastic/Plastic_174.jpg,Plastic,6,524,524
Plastic/Plastic_175.jpg,Plastic,6,524,524
Plastic/Plastic_176.jpg,Plastic,6,524,524
Plastic/Plastic_177.jpg,Plastic,6,524,524
Plastic/Plastic_178.jpg,Plastic,6,524,524
Plastic/Plastic_179.jpg,Plastic,6,524,524
Plastic/Plastic_18.jpg,Plastic,6,524,524
Plastic/Plastic_180.jpg,Plastic,6,524,524
Plastic/Plastic_181.jpg,Plastic,6,524,524
Plastic/Plastic_182.jpg,Plastic,6,524,524
Plastic/Plastic_183.jpg,Plastic,6,524,524
Plastic/Plastic_184.jpg,Plastic,6,524,524
Plastic/Plastic_185.jpg,Plastic,6,524,524
Plastic/Plastic_186.jpg,Plastic,6,524,524
Plastic/Plastic_187.jpg,Plastic,6,524,524
Plastic/Plastic_188.jpg,Plastic,6,524,524
Plastic/Plastic_189.jpg,Plastic,6,524,524
Plastic/Plastic_19.jpg,Plastic,6,524,524
Plastic/Plastic_190.jpg,Plastic,6,524,524
Plastic/Plastic_191.jpg,Plastic,6,524,524
Plastic/Plastic_192.jpg,Plastic,6,524,524
Plastic/Plastic_193.jpg,Plastic,6,524,524
Plastic/Plastic_194.jpg,Plastic,6,524,524
Plastic/Plastic_195.jpg,Plastic,6,524,524
Plastic/Plastic_196.jpg,Plastic,6,524,524
Plastic/Plastic_197.jpg,Plastic,6,524,524
Plastic/Plastic_198.jpg,Plastic,6,524,524
Plastic/Plastic_199.jpg,Plastic,6,524,524
Plastic/Plastic_2.jpg,Plastic,6,524,524
Plastic/Plastic_20.jpg,Plastic,6,524,524
Plastic/Plastic_200.jpg,Plastic,6,524,524
Plastic/Plastic_201.jpg,Plastic,6,524,524
Plastic/Plastic_202.jpg,Plastic,6,524,524
Plastic/Plastic_203.jpg,Plastic,6,524,524
Plastic/Plastic_204.jpg,Plastic,6,524,524
Plastic/Plastic_205.jpg,Plastic,6,524,524
Plastic/Plastic_206.jpg,Plastic,6,524,524
Plastic/Plastic_207.jpg,Plastic,6,524,524
Plastic/Plastic_208.jpg,Plastic,6,524,524
Plastic/Plastic_209.jpg,Plastic,6,524,524
Plastic/Plastic_21.jpg,Plastic,6,524,524
Plastic/Plastic_210.jpg,Plastic,6,524,524
Plastic/Plastic_211.jpg,Plastic,6,524,524
Plastic/Plastic_212.jpg,Plastic,6,524,524
Plastic/Plastic_213.jpg,Plastic,6,524,524
Plastic/Plastic_214.jpg,Plastic,6,524,524
Plastic/Plastic_215.jpg,Plastic,6,524,524
Plastic/Plastic_216.jpg,Plastic,6,524,524
Plastic/Plastic_217.jpg,Plastic,6,524,524
Plastic/Plastic_218.jpg,Plastic,6,524,524
Plastic/Plastic_219.jpg,Plastic,6,524,524
Plastic/Plastic_22.jpg,Plastic,6,524,524
Plastic/Plastic_220.jpg,Plastic,6,524,524
Plastic/Plastic_221.jpg,Plastic,6,524,524
Plastic/Plastic_222.jpg,Plastic,6,524,524
Plastic/Plastic_223.jpg,Plastic,6,524,524
Plastic/Plastic_224.jpg,Plastic,6,524,524
Plastic/Plastic_225.jpg,Plastic,6,524,524
Plastic/Plastic_226.jpg,Plastic,6,524,524
Plastic/Plastic_227.jpg,Plastic,6,524,524
Plastic/Plastic_228.jpg,Plastic,6,524,524
Plastic/Plastic_229.jpg,Plastic,6,524,524
Plastic/Plastic_23.jpg,Plastic,6,524,524
Plastic/Plastic_230.jpg,Plastic,6,524,524
Plastic/Plastic_231.jpg,Plastic,6,524,524
Plastic/Plastic_232.jpg,Plastic,6,524,524
Plastic/Plastic_233.jpg,Plastic,6,524,524
Plastic/Plastic_234.jpg,Plastic,6,524,524
Plastic/Plastic_235.jpg,Plastic,6,524,524
Plastic/Plastic_236.jpg,Plastic,6,524,524
Plastic/Plastic_237.jpg,Plastic,6,524,524
Plastic/Plastic_238.jpg,Plastic,6,524,524
Plastic/Plastic_239.jpg,Plastic,6,524,524
Plastic/Plastic_24.jpg,Plastic,6,524,524
Plastic/Plastic_240.jpg,Plastic,6,524,524
Plastic/Plastic_241.jpg,Plastic,6,524,524
Plastic/Plastic_242.jpg,Plastic,6,524,524
Plastic/Plastic_243.jpg,Plastic,6,524,524
Plastic/Plastic_244.jpg,Plastic,6,524,524
Plastic/Plastic_245.jpg,Plastic,6,524,524
Plastic/Plastic_246.jpg,Plastic,6,524,524
Plastic/Plastic_247.jpg,Plastic,6,524,524
Plastic/Plastic_248.jpg,Plastic,6,524,524
Plastic/Plastic_249.jpg,Plastic,6,524,524
Plastic/Plastic_25.jpg,Plastic,6,524,524
Plastic/Plastic_250.jpg,Plastic,6,524,524
Plastic/Plastic_251.jpg,Plastic,6,524,524
Plastic/Plastic_252.jpg,Plastic,6,524,524
Plastic/Plastic_253.jpg,Plastic,6,524,524
Plastic/Plastic_254.jpg,Plastic,6,524,524
Plastic/Plastic_255.jpg,Plastic,6,524,524
Plastic/Plastic_256.jpg,Plastic,6,524,524
Plastic/Plastic_257.jpg,Plastic,6,524,524
Plastic/Plastic_258.jpg,Plastic,6,524,524
Plastic/Plastic_259.jpg,Plastic,6,524,524
Plastic/Plastic_26.jpg,Plastic,6,524,524
Plastic/Plastic_260.jpg,Plastic,6,524,524
Plastic/Plastic_261.jpg,Plastic,6,524,524
Plastic/Plastic_262.jpg,Plastic,6,524,524
Plastic/Plastic_263.jpg,Plastic,6,524,524
Plastic/Plastic_264.jpg,Plastic,6,524,524
Plastic/Plastic_265.jpg,Plastic,6,524,524
Plastic/Plastic_266.jpg,Plastic,6,524,524
Plastic/Plastic_267.jpg,Plastic,6,524,524
Plastic/Plastic_268.jpg,Plastic,6,524,524
Plastic/Plastic_269.jpg,Plastic,6,524,524
Plastic/Plastic_27.jpg,Plastic,6,524,524
Plastic/Plastic_270.jpg,Plastic,6,524,524
Plastic/Plastic_271.jpg,Plastic,6,524,524
Plastic/Plastic_272.jpg,Plastic,6,524,524
Plastic/Plastic_273.jpg,Plastic,6,524,524
Plastic/Plastic_274.jpg,Plastic,6,524,524
Plastic/Plastic_275.jpg,Plastic,6,524,524
Plastic/Plastic_276.jpg,Plastic,6,524,524
Plastic/Plastic_277.jpg,Plastic,6,524,524
Plastic/Plastic_278.jpg,Plastic,6,524,524
Plastic/Plastic_279.jpg,Plastic,6,524,524
Plastic/Plastic_28.jpg,Plastic,6,524,524
Plastic/Plastic_280.jpg,Plastic,6,524,524
Plastic/Plastic_281.jpg,Plastic,6,524,524
Plastic/Plastic_282.jpg,Plastic,6,524,524
Plastic/Plastic_283.jpg,Plastic,6,524,524
Plastic/Plastic_284.jpg,Plastic,6,524,524
Plastic/Plastic_285.jpg,Plastic,6,524,524
Plastic/Plastic_286.jpg,Plastic,6,524,524
Plastic/Plastic_287.jpg,Plastic,6,524,524
Plastic/Plastic_288.jpg,Plastic,6,524,524
Plastic/Plastic_289.jpg,Plastic,6,524,524
Plastic/Plastic_29.jpg,Plastic,6,524,524
Plastic/Plastic_290.jpg,Plastic,6,524,524
Plastic/Plastic_291.jpg,Plastic,6,524,524
Plastic/Plastic_292.jpg,Plastic,6,524,524
Plastic/Plastic_293.jpg,Plastic,6,524,524
Plastic/Plastic_294.jpg,Plastic,6,524,524
Plastic/Plastic_295.jpg,Plastic,6,524,524
Plastic/Plastic_296.jpg,Plastic,6,524,524
Plastic/Plastic_297.jpg,Plastic,6,524,524
Plastic/Plastic_298.jpg,Plastic,6,524,524
Plastic/Plastic_299.jpg,Plastic,6,524,524
Plastic/Plastic_3.jpg,Plastic,6,524,524
Plastic/Plastic_30.jpg,Plastic,6,524,524
Plastic/Plastic_300.jpg,Plastic,6,524,524
Plastic/Plastic_301.jpg,Plastic,6,524,524
Plastic/Plastic_302.jpg,Plastic,6,524,524
Plastic/Plastic_303.jpg,Plastic,6,524,524
Plastic/Plastic_304.jpg,Plastic,6,524,524
Plastic/Plastic_305.jpg,Plastic,6,524,524
Plastic/Plastic_306.jpg,Plastic,6,524,524
Plastic/Plastic_307.jpg,Plastic,6,524,524
Plastic/Plastic_308.jpg,Plastic,6,524,524
Plastic/Plastic_309.jpg,Plastic,6,524,524
Plastic/Plastic_31.jpg,Plastic,6,524,524
Plastic/Plastic_310.jpg,Plastic,6,524,524
Plastic/Plastic_311.jpg,Plastic,6,524,524
Plastic/Plastic_312.jpg,Plastic,6,524,524
Plastic/Plastic_313.jpg,Plastic,6,524,524
Plastic/Plastic_314.jpg,Plastic,6,524,524
Plastic/Plastic_315.jpg,Plastic,6,524,524
Plastic/Plastic_316.jpg,Plastic,6,524,524
Plastic/Plastic_317.jpg,Plastic,6,524,524
Plastic/Plastic_318.jpg,Plastic,6,524,524
Plastic/Plastic_319.jpg,Plastic,6,524,524
Plastic/Plastic_32.jpg,Plastic,6,524,524
Plastic/Plastic_320.jpg,Plastic,6,524,524
Plastic/Plastic_321.jpg,Plastic,6,524,524
Plastic/Plastic_322.jpg,Plastic,6,524,524
Plastic/Plastic_323.jpg,Plastic,6,524,524
Plastic/Plastic_324.jpg,Plastic,6,524,524
Plastic/Plastic_325.jpg,Plastic,6,524,524
Plastic/Plastic_326.jpg,Plastic,6,524,524
Plastic/Plastic_327.jpg,Plastic,6,524,524
Plastic/Plastic_328.jpg,Plastic,6,524,524
Plastic/Plastic_329.jpg,Plastic,6,524,524
Plastic/Plastic_33.jpg,Plastic,6,524,524
Plastic/Plastic_330.jpg,Plastic,6,524,524
Plastic/Plastic_331.jpg,Plastic,6,524,524
Plastic/Plastic_332.jpg,Plastic,6,524,524
Plastic/Plastic_333.jpg,Plastic,6,524,524
Plastic/Plastic_334.jpg,Plastic,6,524,524
Plastic/Plastic_335.jpg,Plastic,6,524,524
Plastic/Plastic_336.jpg,Plastic,6,524,524
Plastic/Plastic_337.jpg,Plastic,6,524,524
Plastic/Plastic_338.jpg,Plastic,6,524,524
Plastic/Plastic_339.jpg,Plastic,6,524,524
Plastic/Plastic_34.jpg,Plastic,6,524,524
Plastic/Plastic_340.jpg,Plastic,6,524,524
Plastic/Plastic_341.jpg,Plastic,6,524,524
Plastic/Plastic_342.jpg,Plastic,6,524,524
Plastic/Plastic_343.jpg,Plastic,6,524,524
Plastic/Plastic_344.jpg,Plastic,6,524,524
Plastic/Plastic_345.jpg,Plastic,6,524,524
Plastic/Plastic_346.jpg,Plastic,6,524,524
Plastic/Plastic_347.jpg,Plastic,6,524,524
Plastic/Plastic_348.jpg,Plastic,6,524,524
Plastic/Plastic_349.jpg,Plastic,6,524,524
Plastic/Plastic_35.jpg,Plastic,6,524,524
Plastic/Plastic_350.jpg,Plastic,6,524,524
Plastic/Plastic_351.jpg,Plastic,6,524,524
Plastic/Plastic_352.jpg,Plastic,6,524,524
Plastic/Plastic_353.jpg,Plastic,6,524,524
Plastic/Plastic_354.jpg,Plastic,6,524,524
Plastic/Plastic_355.jpg,Plastic,6,524,524
Plastic/Plastic_356.jpg,Plastic,6,524,524
Plastic/Plastic_357.jpg,Plastic,6,524,524
Plastic/Plastic_358.jpg,Plastic,6,524,524
Plastic/Plastic_359.jpg,Plastic,6,524,524
Plastic/Plastic_36.jpg,Plastic,6,524,524
Plastic/Plastic_360.jpg,Plastic,6,524,524
Plastic/Plastic_361.jpg,Plastic,6,524,524
Plastic/Plastic_362.jpg,Plastic,6,524,524
Plastic/Plastic_363.jpg,Plastic,6,524,524
Plastic/Plastic_364.jpg,Plastic,6,524,524
Plastic/Plastic_365.jpg,Plastic,6,524,524
Plastic/Plastic_366.jpg,Plastic,6,524,524
Plastic/Plastic_367.jpg,Plastic,6,524,524
Plastic/Plastic_368.jpg,Plastic,6,524,524
Plastic/Plastic_369.jpg,Plastic,6,524,524
Plastic/Plastic_37.jpg,Plastic,6,524,524
Plastic/Plastic_370.jpg,Plastic,6,524,524
Plastic/Plastic_371.jpg,Plastic,6,524,524
Plastic/Plastic_372.jpg,Plastic,6,524,524
Plastic/Plastic_373.jpg,Plastic,6,524,524
Plastic/Plastic_374.jpg,Plastic,6,524,524
Plastic/Plastic_375.jpg,Plastic,6,524,524
Plastic/Plastic_376.jpg,Plastic,6,524,524
Plastic/Plastic_377.jpg,Plastic,6,524,524
Plastic/Plastic_378.jpg,Plastic,6,524,524
Plastic/Plastic_379.jpg,Plastic,6,524,524
Plastic/Plastic_38.jpg,Plastic,6,524,524
Plastic/Plastic_380.jpg,Plastic,6,524,524
Plastic/Plastic_381.jpg,Plastic,6,524,524
Plastic/Plastic_382.jpg,Plastic,6,524,524
Plastic/Plastic_383.jpg,Plastic,6,524,524
Plastic/Plastic_384.jpg,Plastic,6,524,524
Plastic/Plastic_385.jpg,Plastic,6,524,524
Plastic/Plastic_386.jpg,Plastic,6,524,524
Plastic/Plastic_387.jpg,Plastic,6,524,524
Plastic/Plastic_388.jpg,Plastic,6,524,524
Plastic/Plastic_389.jpg,Plastic,6,524,524
Plastic/Plastic_39.jpg,Plastic,6,524,524
Plastic/Plastic_390.jpg,Plastic,6,524,524
Plastic/Plastic_391.jpg,Plastic,6,524,524
Plastic/Plastic_392.jpg,Plastic,6,524,524
Plastic/Plastic_393.jpg,Plastic,6,524,524
Plastic/Plastic_394.jpg,Plastic,6,524,524
Plastic/Plastic_395.jpg,Plastic,6,524,524
Plastic/Plastic_396.jpg,Plastic,6,524,524
Plastic/Plastic_397.jpg,Plastic,6,524,524
Plastic/Plastic_398.jpg,Plastic,6,524,524
Plastic/Plastic_399.jpg,Plastic,6,524,524
Plastic/Plastic_4.jpg,Plastic,6,524,524
Plastic/Plastic_40.jpg,Plastic,6,524,524
Plastic/Plastic_400.jpg,Plastic,6,524,524
Plastic/Plastic_401.jpg,Plastic,6,524,524
Plastic/Plastic_402.jpg,Plastic,6,524,524
Plastic/Plastic_403.jpg,Plastic,6,524,524
Plastic/Plastic_404.jpg,Plastic,6,524,524
Plastic/Plastic_405.jpg,Plastic,6,524,524
Plastic/Plastic_406.jpg,Plastic,6,524,524
Plastic/Plastic_407.jpg,Plastic,6,524,524
Plastic/Plastic_408.jpg,Plastic,6,524,524
Plastic/Plastic_409.jpg,Plastic,6,524,524
Plastic/Plastic_41.jpg,Plastic,6,524,524
Plastic/Plastic_410.jpg,Plastic,6,524,524
Plastic/Plastic_411.jpg,Plastic,6,524,524
Plastic/Plastic_412.jpg,Plastic,6,524,524
Plastic/Plastic_413.jpg,Plastic,6,524,524
Plastic/Plastic_414.jpg,Plastic,6,524,524
Plastic/Plastic_415.jpg,Plastic,6,524,524
Plastic/Plastic_416.jpg,Plastic,6,524,524
Plastic/Plastic_417.jpg,Plastic,6,524,524
Plastic/Plastic_418.jpg,Plastic,6,524,524
Plastic/Plastic_419.jpg,Plastic,6,524,524
Plastic/Plastic_42.jpg,Plastic,6,524,524
Plastic/Plastic_420.jpg,Plastic,6,524,524
Plastic/Plastic_421.jpg,Plastic,6,524,524
Plastic/Plastic_422.jpg,Plastic,6,524,524
Plastic/Plastic_423.jpg,Plastic,6,524,524
Plastic/Plastic_424.jpg,Plastic,6,524,524
Plastic/Plastic_425.jpg,Plastic,6,524,524
Plastic/Plastic_426.jpg,Plastic,6,524,524
Plastic/Plastic_427.jpg,Plastic,6,524,524
Plastic/Plastic_428.jpg,Plastic,6,524,524
Plastic/Plastic_429.jpg,Plastic,6,524,524
Plastic/Plastic_43.jpg,Plastic,6,524,524
Plastic/Plastic_430.jpg,Plastic,6,524,524
Plastic/Plastic_431.jpg,Plastic,6,524,524
Plastic/Plastic_432.jpg,Plastic,6,524,524
Plastic/Plastic_433.jpg,Plastic,6,524,524
Plastic/Plastic_434.jpg,Plastic,6,524,524
Plastic/Plastic_435.jpg,Plastic,6,524,524
Plastic/Plastic_436.jpg,Plastic,6,524,524
Plastic/Plastic_437.jpg,Plastic,6,524,524
Plastic/Plastic_438.jpg,Plastic,6,524,524
Plastic/Plastic_439.jpg,Plastic,6,524,524
Plastic/Plastic_44.jpg,Plastic,6,524,524
Plastic/Plastic_440.jpg,Plastic,6,524,524
Plastic/Plastic_441.jpg,Plastic,6,524,524
Plastic/Plastic_442.jpg,Plastic,6,524,524
Plastic/Plastic_443.jpg,Plastic,6,524,524
Plastic/Plastic_444.jpg,Plastic,6,524,524
Plastic/Plastic_445.jpg,Plastic,6,524,524
Plastic/Plastic_446.jpg,Plastic,6,524,524
Plastic/Plastic_447.jpg,Plastic,6,524,524
Plastic/Plastic_448.jpg,Plastic,6,524,524
Plastic/Plastic_449.jpg,Plastic,6,524,524
Plastic/Plastic_45.jpg,Plastic,6,524,524
Plastic/Plastic_450.jpg,Plastic,6,524,524
Plastic/Plastic_451.jpg,Plastic,6,524,524
Plastic/Plastic_452.jpg,Plastic,6,524,524
Plastic/Plastic_453.jpg,Plastic,6,524,524
Plastic/Plastic_454.jpg,Plastic,6,524,524
Plastic/Plastic_455.jpg,Plastic,6,524,524
Plastic/Plastic_456.jpg,Plastic,6,524,524
Plastic/Plastic_457.jpg,Plastic,6,524,524
Plastic/Plastic_458.jpg,Plastic,6,524,524
Plastic/Plastic_459.jpg,Plastic,6,524,524
Plastic/Plastic_46.jpg,Plastic,6,524,524
Plastic/Plastic_460.jpg,Plastic,6,524,524
Plastic/Plastic_461.jpg,Plastic,6,524,524
Plastic/Plastic_462.jpg,Plastic,6,524,524
Plastic/Plastic_463.jpg,Plastic,6,524,524
Plastic/Plastic_464.jpg,Plastic,6,524,524
Plastic/Plastic_465.jpg,Plastic,6,524,524
Plastic/Plastic_466.jpg,Plastic,6,524,524
Plastic/Plastic_467.jpg,Plastic,6,524,524
Plastic/Plastic_468.jpg,Plastic,6,524,524
Plastic/Plastic_469.jpg,Plastic,6,524,524
Plastic/Plastic_47.jpg,Plastic,6,524,524
Plastic/Plastic_470.jpg,Plastic,6,524,524
Plastic/Plastic_471.jpg,Plastic,6,524,524
Plastic/Plastic_472.jpg,Plastic,6,524,524
Plastic/Plastic_473.jpg,Plastic,6,524,524
Plastic/Plastic_474.jpg,Plastic,6,524,524
Plastic/Plastic_475.jpg,Plastic,6,524,524
Plastic/Plastic_476.jpg,Plastic,6,524,524
Plastic/Plastic_477.jpg,Plastic,6,524,524
Plastic/Plastic_478.jpg,Plastic,6,524,524
Plastic/Plastic_479.jpg,Plastic,6,524,524
Plastic/Plastic_48.jpg,Plastic,6,524,524
Plastic/Plastic_480.jpg,Plastic,6,524,524
Plastic/Plastic_481.jpg,Plastic,6,524,524
Plastic/Plastic_482.jpg,Plastic,6,524,524
Plastic/Plastic_483.jpg,Plastic,6,524,524
Plastic/Plastic_484.jpg,Plastic,6,524,524
Plastic/Plastic_485.jpg,Plastic,6,524,524
Plastic/Plastic_486.jpg,Plastic,6,524,524
Plastic/Plastic_487.jpg,Plastic,6,524,524
Plastic/Plastic_488.jpg,Plastic,6,524,524
Plastic/Plastic_489.jpg,Plastic,6,524,524
Plastic/Plastic_49.jpg,Plastic,6,524,524
Plastic/Plastic_490.jpg,Plastic,6,524,524
Plastic/Plastic_491.jpg,Plastic,6,524,524
Plastic/Plastic_492.jpg,Plastic,6,524,524
Plastic/Plastic_493.jpg,Plastic,6,524,524
Plastic/Plastic_494.jpg,Plastic,6,524,524
Plastic/Plastic_495.jpg,Plastic,6,524,524
Plastic/Plastic_496.jpg,Plastic,6,524,524
Plastic/Plastic_497.jpg,Plastic,6,524,524
Plastic/Plastic_498.jpg,Plastic,6,524,524
Plastic/Plastic_499.jpg,Plastic,6,524,524
Plastic/Plastic_5.jpg,Plastic,6,524,524
Plastic/Plastic_50.jpg,Plastic,6,524,524
Plastic/Plastic_500.jpg,Plastic,6,524,524
Plastic/Plastic_501.jpg,Plastic,6,524,524
Plastic/Plastic_502.jpg,Plastic,6,524,524
Plastic/Plastic_503.jpg,Plastic,6,524,524
Plastic/Plastic_504.jpg,Plastic,6,524,524
Plastic/Plastic_505.jpg,Plastic,6,524,524
Plastic/Plastic_506.jpg,Plastic,6,524,524
Plastic/Plastic_507.jpg,Plastic,6,524,524
Plastic/Plastic_508.jpg,Plastic,6,524,524
Plastic/Plastic_509.jpg,Plastic,6,524,524
Plastic/Plastic_51.jpg,Plastic,6,524,524
Plastic/Plastic_510.jpg,Plastic,6,524,524
Plastic/Plastic_511.jpg,Plastic,6,524,524
Plastic/Plastic_512.jpg,Plastic,6,524,524
Plastic/Plastic_513.jpg,Plastic,6,524,524
Plastic/Plastic_514.jpg,Plastic,6,524,524
Plastic/Plastic_515.jpg,Plastic,6,524,524
Plastic/Plastic_516.jpg,Plastic,6,524,524
Plastic/Plastic_517.jpg,Plastic,6,524,524
Plastic/Plastic_518.jpg,Plastic,6,524,524
Plastic/Plastic_519.jpg,Plastic,6,524,524
Plastic/Plastic_52.jpg,Plastic,6,524,524
Plastic/Plastic_520.jpg,Plastic,6,524,524
Plastic/Plastic_521.jpg,Plastic,6,524,524
Plastic/Plastic_522.jpg,Plastic,6,524,524
Plastic/Plastic_523.jpg,Plastic,6,524,524
Plastic/Plastic_524.jpg,Plastic,6,524,524
Plastic/Plastic_525.jpg,Plastic,6,524,524
Plastic/Plastic_526.jpg,Plastic,6,524,524
Plastic/Plastic_527.jpg,Plastic,6,524,524
Plastic/Plastic_528.jpg,Plastic,6,524,524
Plastic/Plastic_529.jpg,Plastic,6,524,524
Plastic/Plastic_53.jpg,Plastic,6,524,524
Plastic/Plastic_530.jpg,Plastic,6,524,524
Plastic/Plastic_531.jpg,Plastic,6,524,524
Plastic/Plastic_532.jpg,Plastic,6,524,524
Plastic/Plastic_533.jpg,Plastic,6,524,524
Plastic/Plastic_534.jpg,Plastic,6,524,524
Plastic/Plastic_535.jpg,Plastic,6,524,524
Plastic/Plastic_536.jpg,Plastic,6,524,524
Plastic/Plastic_537.jpg,Plastic,6,524,524
Plastic/Plastic_538.jpg,Plastic,6,524,524
Plastic/Plastic_539.jpg,Plastic,6,524,524
Plastic/Plastic_54.jpg,Plastic,6,524,524
Plastic/Plastic_540.jpg,Plastic,6,524,524
Plastic/Plastic_541.jpg,Plastic,6,524,524
Plastic/Plastic_542.jpg,Plastic,6,524,524
Plastic/Plastic_543.jpg,Plastic,6,524,524
Plastic/Plastic_544.jpg,Plastic,6,524,524
Plastic/Plastic_545.jpg,Plastic,6,524,524
Plastic/Plastic_546.jpg,Plastic,6,524,524
Plastic/Plastic_547.jpg,Plastic,6,524,524
Plastic/Plastic_548.jpg,Plastic,6,524,524
Plastic/Plastic_549.jpg,Plastic,6,524,524
Plastic/Plastic_55.jpg,Plastic,6,524,524
Plastic/Plastic_550.jpg,Plastic,6,524,524
Plastic/Plastic_551.jpg,Plastic,6,524,524
Plastic/Plastic_552.jpg,Plastic,6,524,524
Plastic/Plastic_553.jpg,Plastic,6,524,524
Plastic/Plastic_554.jpg,Plastic,6,524,524
Plastic/Plastic_555.jpg,Plastic,6,524,524
Plastic/Plastic_556.jpg,Plastic,6,524,524
Plastic/Plastic_557.jpg,Plastic,6,524,524
Plastic/Plastic_558.jpg,Plastic,6,524,524
Plastic/Plastic_559.jpg,Plastic,6,524,524
Plastic/Plastic_56.jpg,Plastic,6,524,524
Plastic/Plastic_560.jpg,Plastic,6,524,524
Plastic/Plastic_561.jpg,Plastic,6,524,524
Plastic/Plastic_562.jpg,Plastic,6,524,524
Plastic/Plastic_563.jpg,Plastic,6,524,524
Plastic/Plastic_564.jpg,Plastic,6,524,524
Plastic/Plastic_565.jpg,Plastic,6,524,524
Plastic/Plastic_566.jpg,Plastic,6,524,524
Plastic/Plastic_567.jpg,Plastic,6,524,524
Plastic/Plastic_568.jpg,Plastic,6,524,524
Plastic/Plastic_569.jpg,Plastic,6,524,524
Plastic/Plastic_57.jpg,Plastic,6,524,524
Plastic/Plastic_570.jpg,Plastic,6,524,524
Plastic/Plastic_571.jpg,Plastic,6,524,524
Plastic/Plastic_572.jpg,Plastic,6,524,524
Plastic/Plastic_573.jpg,Plastic,6,524,524
Plastic/Plastic_574.jpg,Plastic,6,524,524
Plastic/Plastic_575.jpg,Plastic,6,524,524
Plastic/Plastic_576.jpg,Plastic,6,524,524
Plastic/Plastic_577.jpg,Plastic,6,524,524
Plastic/Plastic_578.jpg,Plastic,6,524,524
Plastic/Plastic_579.jpg,Plastic,6,524,524
Plastic/Plastic_58.jpg,Plastic,6,524,524
Plastic/Plastic_580.jpg,Plastic,6,524,524
Plastic/Plastic_581.jpg,Plastic,6,524,524
Plastic/Plastic_582.jpg,Plastic,6,524,524
Plastic/Plastic_583.jpg,Plastic,6,524,524
Plastic/Plastic_584.jpg,Plastic,6,524,524
Plastic/Plastic_585.jpg,Plastic,6,524,524
Plastic/Plastic_586.jpg,Plastic,6,524,524
Plastic/Plastic_587.jpg,Plastic,6,524,524
Plastic/Plastic_588.jpg,Plastic,6,524,524
Plastic/Plastic_589.jpg,Plastic,6,524,524
Plastic/Plastic_59.jpg,Plastic,6,524,524
Plastic/Plastic_590.jpg,Plastic,6,524,524
Plastic/Plastic_591.jpg,Plastic,6,524,524
Plastic/Plastic_592.jpg,Plastic,6,524,524
Plastic/Plastic_593.jpg,Plastic,6,524,524
Plastic/Plastic_594.jpg,Plastic,6,524,524
Plastic/Plastic_595.jpg,Plastic,6,524,524
Plastic/Plastic_596.jpg,Plastic,6,524,524
Plastic/Plastic_597.jpg,Plastic,6,524,524
Plastic/Plastic_598.jpg,Plastic,6,524,524
Plastic/Plastic_599.jpg,Plastic,6,524,524
Plastic/Plastic_6.jpg,Plastic,6,524,524
Plastic/Plastic_60.jpg,Plastic,6,524,524
Plastic/Plastic_600.jpg,Plastic,6,524,524
Plastic/Plastic_601.jpg,Plastic,6,524,524
Plastic/Plastic_602.jpg,Plastic,6,524,524
Plastic/Plastic_603.jpg,Plastic,6,524,524
Plastic/Plastic_604.jpg,Plastic,6,524,524
Plastic/Plastic_605.jpg,Plastic,6,524,524
Plastic/Plastic_606.jpg,Plastic,6,524,524
Plastic/Plastic_607.jpg,Plastic,6,524,524
Plastic/Plastic_608.jpg,Plastic,6,524,524
Plastic/Plastic_609.jpg,Plastic,6,524,524
Plastic/Plastic_61.jpg,Plastic,6,524,524
Plastic/Plastic_610.jpg,Plastic,6,524,524
Plastic/Plastic_611.jpg,Plastic,6,524,524
Plastic/Plastic_612.jpg,Plastic,6,524,524
Plastic/Plastic_613.jpg,Plastic,6,524,524
Plastic/Plastic_614.jpg,Plastic,6,524,524
Plastic/Plastic_615.jpg,Plastic,6,524,524
Plastic/Plastic_616.jpg,Plastic,6,524,524
Plastic/Plastic_617.jpg,Plastic,6,524,524
Plastic/Plastic_618.jpg,Plastic,6,524,524
Plastic/Plastic_619.jpg,Plastic,6,524,524
Plastic/Plastic_62.jpg,Plastic,6,524,524
Plastic/Plastic_620.jpg,Plastic,6,524,524
Plastic/Plastic_621.jpg,Plastic,6,524,524
Plastic/Plastic_622.jpg,Plastic,6,524,524
Plastic/Plastic_623.jpg,Plastic,6,524,524
Plastic/Plastic_624.jpg,Plastic,6,524,524
Plastic/Plastic_625.jpg,Plastic,6,524,524
Plastic/Plastic_626.jpg,Plastic,6,524,524
Plastic/Plastic_627.jpg,Plastic,6,524,524
Plastic/Plastic_628.jpg,Plastic,6,524,524
Plastic/Plastic_629.jpg,Plastic,6,524,524
Plastic/Plastic_63.jpg,Plastic,6,524,524
Plastic/Plastic_630.jpg,Plastic,6,524,524
Plastic/Plastic_631.jpg,Plastic,6,524,524
Plastic/Plastic_632.jpg,Plastic,6,524,524
Plastic/Plastic_633.jpg,Plastic,6,524,524
Plastic/Plastic_634.jpg,Plastic,6,524,524
Plastic/Plastic_635.jpg,Plastic,6,524,524
Plastic/Plastic_636.jpg,Plastic,6,524,524
Plastic/Plastic_637.jpg,Plastic,6,524,524
Plastic/Plastic_638.jpg,Plastic,6,524,524
Plastic/Plastic_639.jpg,Plastic,6,524,524
Plastic/Plastic_64.jpg,Plastic,6,524,524
Plastic/Plastic_640.jpg,Plastic,6,524,524
Plastic/Plastic_641.jpg,Plastic,6,524,524
Plastic/Plastic_642.jpg,Plastic,6,524,524
Plastic/Plastic_643.jpg,Plastic,6,524,524
Plastic/Plastic_644.jpg,Plastic,6,524,524
Plastic/Plastic_645.jpg,Plastic,6,524,524
Plastic/Plastic_646.jpg,Plastic,6,524,524
Plastic/Plastic_647.jpg,Plastic,6,524,524
Plastic/Plastic_648.jpg,Plastic,6,524,524
Plastic/Plastic_649.jpg,Plastic,6,524,524
Plastic/Plastic_65.jpg,Plastic,6,524,524
Plastic/Plastic_650.jpg,Plastic,6,524,524
Plastic/Plastic_651.jpg,Plastic,6,524,524
Plastic/Plastic_652.jpg,Plastic,6,524,524
Plastic/Plastic_653.jpg,Plastic,6,524,524
Plastic/Plastic_654.jpg,Plastic,6,524,524
Plastic/Plastic_655.jpg,Plastic,6,524,524
Plastic/Plastic_656.jpg,Plastic,6,524,524
Plastic/Plastic_657.jpg,Plastic,6,524,524
Plastic/Plastic_658.jpg,Plastic,6,524,524
Plastic/Plastic_659.jpg,Plastic,6,524,524
Plastic/Plastic_66.jpg,Plastic,6,524,524
Plastic/Plastic_660.jpg,Plastic,6,524,524
Plastic/Plastic_661.jpg,Plastic,6,524,524
Plastic/Plastic_662.jpg,Plastic,6,524,524
Plastic/Plastic_663.jpg,Plastic,6,524,524
Plastic/Plastic_664.jpg,Plastic,6,524,524
Plastic/Plastic_665.jpg,Plastic,6,524,524
Plastic/Plastic_666.jpg,Plastic,6,524,524
Plastic/Plastic_667.jpg,Plastic,6,524,524
Plastic/Plastic_668.jpg,Plastic,6,524,524
Plastic/Plastic_669.jpg,Plastic,6,524,524
Plastic/Plastic_67.jpg,Plastic,6,524,524
Plastic/Plastic_670.jpg,Plastic,6,524,524
Plastic/Plastic_671.jpg,Plastic,6,524,524
Plastic/Plastic_672.jpg,Plastic,6,524,524
Plastic/Plastic_673.jpg,Plastic,6,524,524
Plastic/Plastic_674.jpg,Plastic,6,524,524
Plastic/Plastic_675.jpg,Plastic,6,524,524
Plastic/Plastic_676.jpg,Plastic,6,524,524
Plastic/Plastic_677.jpg,Plastic,6,524,524
Plastic/Plastic_678.jpg,Plastic,6,524,524
Plastic/Plastic_679.jpg,Plastic,6,524,524
Plastic/Plastic_68.jpg,Plastic,6,524,524
Plastic/Plastic_680.jpg,Plastic,6,524,524
Plastic/Plastic_681.jpg,Plastic,6,524,524
Plastic/Plastic_682.jpg,Plastic,6,524,524
Plastic/Plastic_683.jpg,Plastic,6,524,524
Plastic/Plastic_684.jpg,Plastic,6,524,524
Plastic/Plastic_685.jpg,Plastic,6,524,524
Plastic/Plastic_686.jpg,Plastic,6,524,524
Plastic/Plastic_687.jpg,Plastic,6,524,524
Plastic/Plastic_688.jpg,Plastic,6,524,524
Plastic/Plastic_689.jpg,Plastic,6,524,524
Plastic/Plastic_69.jpg,Plastic,6,524,524
Plastic/Plastic_690.jpg,Plastic,6,524,524
Plastic/Plastic_691.jpg,Plastic,6,524,524
Plastic/Plastic_692.jpg,Plastic,6,524,524
Plastic/Plastic_693.jpg,Plastic,6,524,524
Plastic/Plastic_694.jpg,Plastic,6,524,524
Plastic/Plastic_695.jpg,Plastic,6,524,524
Plastic/Plastic_696.jpg,Plastic,6,524,524
Plastic/Plastic_697.jpg,Plastic,6,524,524
Plastic/Plastic_698.jpg,Plastic,6,524,524
Plastic/Plastic_699.jpg,Plastic,6,524,524
Plastic/Plastic_7.jpg,Plastic,6,524,524
Plastic/Plastic_70.jpg,Plastic,6,524,524
Plastic/Plastic_700.jpg,Plastic,6,524,524
Plastic/Plastic_701.jpg,Plastic,6,524,524
Plastic/Plastic_702.jpg,Plastic,6,524,524
Plastic/Plastic_703.jpg,Plastic,6,524,524
Plastic/Plastic_704.jpg,Plastic,6,524,524
Plastic/Plastic_705.jpg,Plastic,6,524,524
Plastic/Plastic_706.jpg,Plastic,6,524,524
Plastic/Plastic_707.jpg,Plastic,6,524,524
Plastic/Plastic_708.jpg,Plastic,6,524,524
Plastic/Plastic_709.jpg,Plastic,6,524,524
Plastic/Plastic_71.jpg,Plastic,6,524,524
Plastic/Plastic_710.jpg,Plastic,6,524,524
Plastic/Plastic_711.jpg,Plastic,6,524,524
Plastic/Plastic_712.jpg,Plastic,6,524,524
Plastic/Plastic_713.jpg,Plastic,6,524,524
Plastic/Plastic_714.jpg,Plastic,6,524,524
Plastic/Plastic_715.jpg,Plastic,6,524,524
Plastic/Plastic_716.jpg,Plastic,6,524,524
Plastic/Plastic_717.jpg,Plastic,6,524,524
Plastic/Plastic_718.jpg,Plastic,6,524,524
Plastic/Plastic_719.jpg,Plastic,6,524,524
Plastic/Plastic_72.jpg,Plastic,6,524,524
Plastic/Plastic_720.jpg,Plastic,6,524,524
Plastic/Plastic_721.jpg,Plastic,6,524,524
Plastic/Plastic_722.jpg,Plastic,6,524,524
Plastic/Plastic_723.jpg,Plastic,6,524,524
Plastic/Plastic_724.jpg,Plastic,6,524,524
Plastic/Plastic_725.jpg,Plastic,6,524,524
Plastic/Plastic_726.jpg,Plastic,6,524,524
Plastic/Plastic_727.jpg,Plastic,6,524,524
Plastic/Plastic_728.jpg,Plastic,6,524,524
Plastic/Plastic_729.jpg,Plastic,6,524,524
Plastic/Plastic_73.jpg,Plastic,6,524,524
Plastic/Plastic_730.jpg,Plastic,6,524,524
Plastic/Plastic_731.jpg,Plastic,6,524,524
Plastic/Plastic_732.jpg,Plastic,6,524,524
Plastic/Plastic_733.jpg,Plastic,6,524,524
Plastic/Plastic_734.jpg,Plastic,6,524,524
Plastic/Plastic_735.jpg,Plastic,6,524,524
Plastic/Plastic_736.jpg,Plastic,6,524,524
Plastic/Plastic_737.jpg,Plastic,6,524,524
Plastic/Plastic_738.jpg,Plastic,6,524,524
Plastic/Plastic_739.jpg,Plastic,6,524,524
Plastic/Plastic_74.jpg,Plastic,6,524,524
Plastic/Plastic_740.jpg,Plastic,6,524,524
Plastic/Plastic_741.jpg,Plastic,6,524,524
Plastic/Plastic_742.jpg,Plastic,6,524,524
Plastic/Plastic_743.jpg,Plastic,6,524,524
Plastic/Plastic_744.jpg,Plastic,6,524,524
Plastic/Plastic_745.jpg,Plastic,6,524,524
Plastic/Plastic_746.jpg,Plastic,6,524,524
Plastic/Plastic_747.jpg,Plastic,6,524,524
Plastic/Plastic_748.jpg,Plastic,6,524,524
Plastic/Plastic_749.jpg,Plastic,6,524,524
Plastic/Plastic_75.jpg,Plastic,6,524,524
Plastic/Plastic_750.jpg,Plastic,6,524,524
Plastic/Plastic_751.jpg,Plastic,6,524,524
Plastic/Plastic_752.jpg,Plastic,6,524,524
Plastic/Plastic_753.jpg,Plastic,6,524,524
Plastic/Plastic_754.jpg,Plastic,6,524,524
Plastic/Plastic_755.jpg,Plastic,6,524,524
Plastic/Plastic_756.jpg,Plastic,6,524,524
Plastic/Plastic_757.jpg,Plastic,6,524,524
Plastic/Plastic_758.jpg,Plastic,6,524,524
Plastic/Plastic_759.jpg,Plastic,6,524,524
Plastic/Plastic_76.jpg,Plastic,6,524,524
Plastic/Plastic_760.jpg,Plastic,6,524,524
Plastic/Plastic_761.jpg,Plastic,6,524,524
Plastic/Plastic_762.jpg,Plastic,6,524,524
Plastic/Plastic_763.jpg,Plastic,6,524,524
Plastic/Plastic_764.jpg,Plastic,6,524,524
Plastic/Plastic_765.jpg,Plastic,6,524,524
Plastic/Plastic_766.jpg,Plastic,6,524,524
Plastic/Plastic_767.jpg,Plastic,6,524,524
Plastic/Plastic_768.jpg,Plastic,6,524,524
Plastic/Plastic_769.jpg,Plastic,6,524,524
Plastic/Plastic_77.jpg,Plastic,6,524,524
Plastic/Plastic_770.jpg,Plastic,6,524,524
Plastic/Plastic_771.jpg,Plastic,6,524,524
Plastic/Plastic_772.jpg,Plastic,6,524,524
Plastic/Plastic_773.jpg,Plastic,6,524,524
Plastic/Plastic_774.jpg,Plastic,6,524,524
Plastic/Plastic_775.jpg,Plastic,6,524,524
Plastic/Plastic_776.jpg,Plastic,6,524,524
Plastic/Plastic_777.jpg,Plastic,6,524,524
Plastic/Plastic_778.jpg,Plastic,6,524,524
Plastic/Plastic_779.jpg,Plastic,6,524,524
Plastic/Plastic_78.jpg,Plastic,6,524,524
Plastic/Plastic_780.jpg,Plastic,6,524,524
Plastic/Plastic_781.jpg,Plastic,6,524,524
Plastic/Plastic_782.jpg,Plastic,6,524,524
Plastic/Plastic_783.jpg,Plastic,6,524,524
Plastic/Plastic_784.jpg,Plastic,6,524,524
Plastic/Plastic_785.jpg,Plastic,6,524,524
Plastic/Plastic_786.jpg,Plastic,6,524,524
Plastic/Plastic_787.jpg,Plastic,6,524,524
Plastic/Plastic_788.jpg,Plastic,6,524,524
Plastic/Plastic_789.jpg,Plastic,6,524,524
Plastic/Plastic_79.jpg,Plastic,6,524,524
Plastic/Plastic_790.jpg,Plastic,6,524,524
Plastic/Plastic_791.jpg,Plastic,6,524,524
Plastic/Plastic_792.jpg,Plastic,6,524,524
Plastic/Plastic_793.jpg,Plastic,6,524,524
Plastic/Plastic_794.jpg,Plastic,6,524,524
Plastic/Plastic_795.jpg,Plastic,6,524,524
Plastic/Plastic_796.jpg,Plastic,6,524,524
Plastic/Plastic_797.jpg,Plastic,6,524,524
Plastic/Plastic_798.jpg,Plastic,6,524,524
Plastic/Plastic_799.jpg,Plastic,6,524,524
Plastic/Plastic_8.jpg,Plastic,6,524,524
Plastic/Plastic_80.jpg,Plastic,6,524,524
Plastic/Plastic_800.jpg,Plastic,6,524,524
Plastic/Plastic_801.jpg,Plastic,6,524,524
Plastic/Plastic_802.jpg,Plastic,6,524,524
Plastic/Plastic_803.jpg,Plastic,6,524,524
Plastic/Plastic_804.jpg,Plastic,6,524,524
Plastic/Plastic_805.jpg,Plastic,6,524,524
Plastic/Plastic_806.jpg,Plastic,6,524,524
Plastic/Plastic_807.jpg,Plastic,6,524,524
Plastic/Plastic_808.jpg,Plastic,6,524,524
Plastic/Plastic_809.jpg,Plastic,6,524,524
Plastic/Plastic_81.jpg,Plastic,6,524,524
Plastic/Plastic_810.jpg,Plastic,6,524,524
Plastic/Plastic_811.jpg,Plastic,6,524,524
Plastic/Plastic_812.jpg,Plastic,6,524,524
Plastic/Plastic_813.jpg,Plastic,6,524,524
Plastic/Plastic_814.jpg,Plastic,6,524,524
Plastic/Plastic_815.jpg,Plastic,6,524,524
Plastic/Plastic_816.jpg,Plastic,6,524,524
Plastic/Plastic_817.jpg,Plastic,6,524,524
Plastic/Plastic_818.jpg,Plastic,6,524,524
Plastic/Plastic_819.jpg,Plastic,6,524,524
Plastic/Plastic_82.jpg,Plastic,6,524,524
Plastic/Plastic_820.jpg,Plastic,6,524,524
Plastic/Plastic_821.jpg,Plastic,6,524,524
Plastic/Plastic_822.jpg,Plastic,6,524,524
Plastic/Plastic_823.jpg,Plastic,6,524,524
Plastic/Plastic_824.jpg,Plastic,6,524,524
Plastic/Plastic_825.jpg,Plastic,6,524,524
Plastic/Plastic_826.jpg,Plastic,6,524,524
Plastic/Plastic_827.jpg,Plastic,6,524,524
Plastic/Plastic_828.jpg,Plastic,6,524,524
Plastic/Plastic_829.jpg,Plastic,6,524,524
Plastic/Plastic_83.jpg,Plastic,6,524,524
Plastic/Plastic_830.jpg,Plastic,6,524,524
Plastic/Plastic_831.jpg,Plastic,6,524,524
Plastic/Plastic_832.jpg,Plastic,6,524,524
Plastic/Plastic_833.jpg,Plastic,6,524,524
Plastic/Plastic_834.jpg,Plastic,6,524,524
Plastic/Plastic_835.jpg,Plastic,6,524,524
Plastic/Plastic_836.jpg,Plastic,6,524,524
Plastic/Plastic_837.jpg,Plastic,6,524,524
Plastic/Plastic_838.jpg,Plastic,6,524,524
Plastic/Plastic_839.jpg,Plastic,6,524,524
Plastic/Plastic_84.jpg,Plastic,6,524,524
Plastic/Plastic_840.jpg,Plastic,6,524,524
Plastic/Plastic_841.jpg,Plastic,6,524,524
Plastic/Plastic_842.jpg,Plastic,6,524,524
Plastic/Plastic_843.jpg,Plastic,6,524,524
Plastic/Plastic_844.jpg,Plastic,6,524,524
Plastic/Plastic_845.jpg,Plastic,6,524,524
Plastic/Plastic_846.jpg,Plastic,6,524,524
Plastic/Plastic_847.jpg,Plastic,6,524,524
Plastic/Plastic_848.jpg,Plastic,6,524,524
Plastic/Plastic_849.jpg,Plastic,6,524,524
Plastic/Plastic_85.jpg,Plastic,6,524,524
Plastic/Plastic_850.jpg,Plastic,6,524,524
Plastic/Plastic_851.jpg,Plastic,6,524,524
Plastic/Plastic_852.jpg,Plastic,6,524,524
Plastic/Plastic_853.jpg,Plastic,6,524,524
Plastic/Plastic_854.jpg,Plastic,6,524,524
Plastic/Plastic_855.jpg,Plastic,6,524,524
Plastic/Plastic_856.jpg,Plastic,6,524,524
Plastic/Plastic_857.jpg,Plastic,6,524,524
Plastic/Plastic_858.jpg,Plastic,6,524,524
Plastic/Plastic_859.jpg,Plastic,6,524,524
Plastic/Plastic_86.jpg,Plastic,6,524,524
Plastic/Plastic_860.jpg,Plastic,6,524,524
Plastic/Plastic_861.jpg,Plastic,6,524,524
Plastic/Plastic_862.jpg,Plastic,6,524,524
Plastic/Plastic_863.jpg,Plastic,6,524,524
Plastic/Plastic_864.jpg,Plastic,6,524,524
Plastic/Plastic_865.jpg,Plastic,6,524,524
Plastic/Plastic_866.jpg,Plastic,6,524,524
Plastic/Plastic_867.jpg,Plastic,6,524,524
Plastic/Plastic_868.jpg,Plastic,6,524,524
Plastic/Plastic_869.jpg,Plastic,6,524,524
Plastic/Plastic_87.jpg,Plastic,6,524,524
Plastic/Plastic_870.jpg,Plastic,6,524,524
Plastic/Plastic_871.jpg,Plastic,6,524,524
Plastic/Plastic_872.jpg,Plastic,6,524,524
Plastic/Plastic_873.jpg,Plastic,6,524,524
Plastic/Plastic_874.jpg,Plastic,6,524,524
Plastic/Plastic_875.jpg,Plastic,6,524,524
Plastic/Plastic_876.jpg,Plastic,6,524,524
Plastic/Plastic_877.jpg,Plastic,6,524,524
Plastic/Plastic_878.jpg,Plastic,6,524,524
Plastic/Plastic_879.jpg,Plastic,6,524,524
Plastic/Plastic_88.jpg,Plastic,6,524,524
Plastic/Plastic_880.jpg,Plastic,6,524,524
Plastic/Plastic_881.jpg,Plastic,6,524,524
Plastic/Plastic_882.jpg,Plastic,6,524,524
Plastic/Plastic_883.jpg,Plastic,6,524,524
Plastic/Plastic_884.jpg,Plastic,6,524,524
Plastic/Plastic_885.jpg,Plastic,6,524,524
Plastic/Plastic_886.jpg,Plastic,6,524,524
Plastic/Plastic_887.jpg,Plastic,6,524,524
Plastic/Plastic_888.jpg,Plastic,6,524,524
Plastic/Plastic_889.jpg,Plastic,6,524,524
Plastic/Plastic_89.jpg,Plastic,6,524,524
Plastic/Plastic_890.jpg,Plastic,6,524,524
Plastic/Plastic_891.jpg,Plastic,6,524,524
Plastic/Plastic_892.jpg,Plastic,6,524,524
Plastic/Plastic_893.jpg,Plastic,6,524,524
Plastic/Plastic_894.jpg,Plastic,6,524,524
Plastic/Plastic_895.jpg,Plastic,6,524,524
Plastic/Plastic_896.jpg,Plastic,6,524,524
Plastic/Plastic_897.jpg,Plastic,6,524,524
Plastic/Plastic_898.jpg,Plastic,6,524,524
Plastic/Plastic_899.jpg,Plastic,6,524,524
Plastic/Plastic_9.jpg,Plastic,6,524,524
Plastic/Plastic_90.jpg,Plastic,6,524,524
Plastic/Plastic_900.jpg,Plastic,6,524,524
Plastic/Plastic_901.jpg,Plastic,6,524,524
Plastic/Plastic_902.jpg,Plastic,6,524,524
Plastic/Plastic_903.jpg,Plastic,6,524,524
Plastic/Plastic_904.jpg,Plastic,6,524,524
Plastic/Plastic_905.jpg,Plastic,6,524,524
Plastic/Plastic_906.jpg,Plastic,6,524,524
Plastic/Plastic_907.jpg,Plastic,6,524,524
Plastic/Plastic_908.jpg,Plastic,6,524,524
Plastic/Plastic_909.jpg,Plastic,6,524,524
Plastic/Plastic_91.jpg,Plastic,6,524,524
Plastic/Plastic_910.jpg,Plastic,6,524,524
Plastic/Plastic_911.jpg,Plastic,6,524,524
Plastic/Plastic_912.jpg,Plastic,6,524,524
Plastic/Plastic_913.jpg,Plastic,6,524,524
Plastic/Plastic_914.jpg,Plastic,6,524,524
Plastic/Plastic_915.jpg,Plastic,6,524,524
Plastic/Plastic_916.jpg,Plastic,6,524,524
Plastic/Plastic_917.jpg,Plastic,6,524,524
Plastic/Plastic_918.jpg,Plastic,6,524,524
Plastic/Plastic_919.jpg,Plastic,6,524,524
Plastic/Plastic_92.jpg,Plastic,6,524,524
Plastic/Plastic_920.jpg,Plastic,6,524,524
Plastic/Plastic_921.jpg,Plastic,6,524,524
Plastic/Plastic_93.jpg,Plastic,6,524,524
Plastic/Plastic_94.jpg,Plastic,6,524,524
Plastic/Plastic_95.jpg,Plastic,6,524,524
Plastic/Plastic_96.jpg,Plastic,6,524,524
Plastic/Plastic_97.jpg,Plastic,6,524,524
Plastic/Plastic_98.jpg,Plastic,6,524,524
Plastic/Plastic_99.jpg,Plastic,6,524,524
Textile Trash/Textile Trash_1.jpg,Textile Trash,7,524,524
Textile Trash/Textile Trash_10.jpg,Textile Trash,7,524,524
Textile Trash/Textile Trash_100.jpg,Textile Trash,7,524,524
Textile Trash/Textile Trash_101.jpg,Textile Trash,7,524,524
Textile Trash/Textile Trash_102.jpg,Textile Trash,7,524,524
Textile Trash/Textile Trash_103.jpg,Textile Trash,7,524,524
Textile Trash/Textile Trash_104.jpg,Textile Trash,7,524,524
Textile Trash/Textile Trash_105.jpg,Textile Trash,7,524,524
Textile Trash/Textile Trash_106.jpg,Textile Trash,7,524,524
Textile Trash/Textile Trash_107.jpg,Textile Trash,7,524,524
Textile Trash/Textile Trash_108.jpg,Textile Trash,7,524,524
Textile Trash/Textile Trash_109.jpg,Textile Trash,7,524,524
Textile Trash/Textile Trash_11.jpg,Textile Trash,7,524,524
Textile Trash/Textile Trash_110.jpg,Textile Trash,7,524,524
Textile Trash/Textile Trash_111.jpg,Textile Trash,7,524,524
Textile Trash/Textile Trash_112.jpg,Textile Trash,7,524,524
Textile Trash/Textile Trash_113.jpg,Textile Trash,7,524,524
Textile Trash/Textile Trash_114.jpg,Textile Trash,7,524,524
Textile Trash/Textile Trash_115.jpg,Textile Trash,7,524,524
Textile Trash/Textile Trash_116.jpg,Textile Trash,7,524,524
Textile Trash/Textile Trash_117.jpg,Textile Trash,7,524,524
Textile Trash/Textile Trash_118.jpg,Textile Trash,7,524,524
Textile Trash/Textile Trash_119.jpg,Textile Trash,7,524,524
Textile Trash/Textile Trash_12.jpg,Textile Trash,7,524,524
Textile Trash/Textile Trash_120.jpg,Textile Trash,7,524,524
Textile Trash/Textile Trash_121.jpg,Textile Trash,7,524,524
Textile Trash/Textile Trash_122.jpg,Textile Trash,7,524,524
Textile Trash/Textile Trash_123.jpg,Textile Trash,7,524,524
Textile Trash/Textile Trash_124.jpg,Textile Trash,7,524,524
Textile Trash/Textile Trash_125.jpg,Textile Trash,7,524,524
Textile Trash/Textile Trash_126.jpg,Textile Trash,7,524,524
Textile Trash/Textile Trash_127.jpg,Textile Trash,7,524,524
Textile Trash/Textile Trash_128.jpg,Textile Trash,7,524,524
Textile Trash/Textile Trash_129.jpg,Textile Trash,7,524,524
Textile Trash/Textile Trash_13.jpg,Textile Trash,7,524,524
Textile Trash/Textile Trash_130.jpg,Textile Trash,7,524,524
Textile Trash/Textile Trash_131.jpg,Textile Trash,7,524,524
Textile Trash/Textile Trash_132.jpg,Textile Trash,7,524,524
Textile Trash/Textile Trash_133.jpg,Textile Trash,7,524,524
Textile Trash/Textile Trash_134.jpg,Textile Trash,7,524,524
Textile Trash/Textile Trash_135.jpg,Textile Trash,7,524,524
Textile Trash/Textile Trash_136.jpg,Textile Trash,7,524,524
Textile Trash/Textile Trash_137.jpg,Textile Trash,7,524,524
Textile Trash/Textile Trash_138.jpg,Textile Trash,7,524,524
Textile Trash/Textile Trash_139.jpg,Textile Trash,7,524,524
Textile Trash/Textile Trash_14.jpg,Textile Trash,7,524,524
Textile Trash/Textile Trash_140.jpg,Textile Trash,7,524,524
Textile Trash/Textile Trash_141.jpg,Textile Trash,7,524,524
Textile Trash/Textile Trash_142.jpg,Textile Trash,7,524,524
Textile Trash/Textile Trash_143.jpg,Textile Trash,7,524,524
Textile Trash/Textile Trash_144.jpg,Textile Trash,7,524,524
Textile Trash/Textile Trash_145.jpg,Textile Trash,7,524,524
Textile Trash/Textile Trash_146.jpg,Textile Trash,7,524,524
Textile Trash/Textile Trash_147.jpg,Textile Trash,7,524,524
Textile Trash/Textile Trash_148.jpg,Textile Trash,7,524,524
Textile Trash/Textile Trash_149.jpg,Textile Trash,7,524,524
Textile Trash/Textile Trash_15.jpg,Textile Trash,7,524,524
Textile Trash/Textile Trash_150.jpg,Textile Trash,7,524,524
Textile Trash/Textile Trash_151.jpg,Textile Trash,7,524,524
Textile Trash/Textile Trash_152.jpg,Textile Trash,7,524,524
Textile Trash/Textile Trash_153.jpg,Textile Trash,7,524,524
Textile Trash/Textile Trash_154.jpg,Textile Trash,7,524,524
Textile Trash/Textile Trash_155.jpg,Textile Trash,7,524,524
Textile Trash/Textile Trash_156.jpg,Textile Trash,7,524,524
Textile Trash/Textile Trash_157.jpg,Textile Trash,7,524,524
Textile Trash/Textile Trash_158.jpg,Textile Trash,7,524,524
Textile Trash/Textile Trash_159.jpg,Textile Trash,7,524,524
Textile Trash/Textile Trash_16.jpg,Textile Trash,7,524,524
Textile Trash/Textile Trash_160.jpg,Textile Trash,7,524,524
Textile Trash/Textile Trash_161.jpg,Textile Trash,7,524,524
Textile Trash/Textile Trash_162.jpg,Textile Trash,7,524,524
Textile Trash/Textile Trash_163.jpg,Textile Trash,7,524,524
Textile Trash/Textile Trash_164.jpg,Textile Trash,7,524,524
Textile Trash/Textile Trash_165.jpg,Textile Trash,7,524,524
Textile Trash/Textile Trash_166.jpg,Textile Trash,7,524,524
Textile Trash/Textile Trash_167.jpg,Textile Trash,7,524,524
Textile Trash/Textile Trash_168.jpg,Textile Trash,7,524,524
Textile Trash/Textile Trash_169.jpg,Textile Trash,7,524,524
Textile Trash/Textile Trash_17.jpg,Textile Trash,7,524,524
Textile Trash/Textile Trash_170.jpg,Textile Trash,7,524,524
Textile Trash/Textile Trash_171.jpg,Textile Trash,7,524,524
Textile Trash/Textile Trash_172.jpg,Textile Trash,7,524,524
Textile Trash/Textile Trash_173.jpg,Textile Trash,7,524,524
Textile Trash/Textile Trash_174.jpg,Textile Trash,7,524,524
Textile Trash/Textile Trash_175.jpg,Textile Trash,7,524,524
Textile Trash/Textile Trash_176.jpg,Textile Trash,7,524,524
Textile Trash/Textile Trash_177.jpg,Textile Trash,7,524,524
Textile Trash/Textile Trash_178.jpg,Textile Trash,7,524,524
Textile Trash/Textile Trash_179.jpg,Textile Trash,7,524,524
Textile Trash/Textile Trash_18.jpg,Textile Trash,7,524,524
Textile Trash/Textile Trash_180.jpg,Textile Trash,7,524,524
Textile Trash/Textile Trash_181.jpg,Textile Trash,7,524,524
Textile Trash/Textile Trash_182.jpg,Textile Trash,7,524,524
Textile Trash/Textile Trash_183.jpg,Textile Trash,7,524,524
Textile Trash/Textile Trash_184.jpg,Textile Trash,7,524,524
Textile Trash/Textile Trash_185.jpg,Textile Trash,7,524,524
Textile Trash/Textile Trash_186.jpg,Textile Trash,7,524,524
Textile Trash/Textile Trash_187.jpg,Textile Trash,7,524,524
Textile Trash/Textile Trash_188.jpg,Textile Trash,7,524,524
Textile Trash/Textile Trash_189.jpg,Textile Trash,7,524,524
Textile Trash/Textile Trash_19.jpg,Textile Trash,7,524,524
Textile Trash/Textile Trash_190.jpg,Textile Trash,7,524,524
Textile Trash/Textile Trash_191.jpg,Textile Trash,7,524,524
Textile Trash/Textile Trash_192.jpg,Textile Trash,7,524,524
Textile Trash/Textile Trash_193.jpg,Textile Trash,7,524,524
Textile Trash/Textile Trash_194.jpg,Textile Trash,7,524,524
Textile Trash/Textile Trash_195.jpg,Textile Trash,7,524,524
Textile Trash/Textile Trash_196.jpg,Textile Trash,7,524,524
Textile Trash/Textile Trash_197.jpg,Textile Trash,7,524,524
Textile Trash/Textile Trash_198.jpg,Textile Trash,7,524,524
Textile Trash/Textile Trash_199.jpg,Textile Trash,7,524,524
Textile Trash/Textile Trash_2.jpg,Textile Trash,7,524,524
Textile Trash/Textile Trash_20.jpg,Textile Trash,7,524,524
Textile Trash/Textile Trash_200.jpg,Textile Trash,7,524,524
Textile Trash/Textile Trash_201.jpg,Textile Trash,7,524,524
Textile Trash/Textile Trash_202.jpg,Textile Trash,7,524,524
Textile Trash/Textile Trash_203.jpg,Textile Trash,7,524,524
Textile Trash/Textile Trash_204.jpg,Textile Trash,7,524,524
Textile Trash/Textile Trash_205.jpg,Textile Trash,7,524,524
Textile Trash/Textile Trash_206.jpg,Textile Trash,7,524,524
Textile Trash/Textile Trash_207.jpg,Textile Trash,7,524,524
Textile Trash/Textile Trash_208.jpg,Textile Trash,7,524,524
Textile Trash/Textile Trash_209.jpg,Textile Trash,7,524,524
Textile Trash/Textile Trash_21.jpg,Textile Trash,7,524,524
Textile Trash/Textile Trash_210.jpg,Textile Trash,7,524,524
Textile Trash/Textile Trash_211.jpg,Textile Trash,7,524,524
Textile Trash/Textile Trash_212.jpg,Textile Trash,7,524,524
Textile Trash/Textile Trash_213.jpg,Textile Trash,7,524,524
Textile Trash/Textile Trash_214.jpg,Textile Trash,7,524,524
Textile Trash/Textile Trash_215.jpg,Textile Trash,7,524,524
Textile Trash/Textile Trash_216.jpg,Textile Trash,7,524,524
Textile Trash/Textile Trash_217.jpg,Textile Trash,7,524,524
Textile Trash/Textile Trash_218.jpg,Textile Trash,7,524,524
Textile Trash/Textile Trash_219.jpg,Textile Trash,7,524,524
Textile Trash/Textile Trash_22.jpg,Textile Trash,7,524,524
Textile Trash/Textile Trash_220.jpg,Textile Trash,7,524,524
Textile Trash/Textile Trash_221.jpg,Textile Trash,7,524,524
Textile Trash/Textile Trash_222.jpg,Textile Trash,7,524,524
Textile Trash/Textile Trash_223.jpg,Textile Trash,7,524,524
Textile Trash/Textile Trash_224.jpg,Textile Trash,7,524,524
Textile Trash/Textile Trash_225.jpg,Textile Trash,7,524,524
Textile Trash/Textile Trash_226.jpg,Textile Trash,7,524,524
Textile Trash/Textile Trash_227.jpg,Textile Trash,7,524,524
Textile Trash/Textile Trash_228.jpg,Textile Trash,7,524,524
Textile Trash/Textile Trash_229.jpg,Textile Trash,7,524,524
Textile Trash/Textile Trash_23.jpg,Textile Trash,7,524,524
Textile Trash/Textile Trash_230.jpg,Textile Trash,7,524,524
Textile Trash/Textile Trash_231.jpg,Textile Trash,7,524,524
Textile Trash/Textile Trash_232.jpg,Textile Trash,7,524,524
Textile Trash/Textile Trash_233.jpg,Textile Trash,7,524,524
Textile Trash/Textile Trash_234.jpg,Textile Trash,7,524,524
Textile Trash/Textile Trash_235.jpg,Textile Trash,7,524,524
Textile Trash/Textile Trash_236.jpg,Textile Trash,7,524,524
Textile Trash/Textile Trash_237.jpg,Textile Trash,7,524,524
Textile Trash/Textile Trash_238.jpg,Textile Trash,7,524,524
Textile Trash/Textile Trash_239.jpg,Textile Trash,7,524,524
Textile Trash/Textile Trash_24.jpg,Textile Trash,7,524,524
Textile Trash/Textile Trash_240.jpg,Textile Trash,7,524,524
Textile Trash/Textile Trash_241.jpg,Textile Trash,7,524,524
Textile Trash/Textile Trash_242.jpg,Textile Trash,7,524,524
Textile Trash/Textile Trash_243.jpg,Textile Trash,7,524,524
Textile Trash/Textile Trash_244.jpg,Textile Trash,7,524,524
Textile Trash/Textile Trash_245.jpg,Textile Trash,7,524,524
Textile Trash/Textile Trash_246.jpg,Textile Trash,7,524,524
Textile Trash/Textile Trash_247.jpg,Textile Trash,7,524,524
Textile Trash/Textile Trash_248.jpg,Textile Trash,7,524,524
Textile Trash/Textile Trash_249.jpg,Textile Trash,7,524,524
Textile Trash/Textile Trash_25.jpg,Textile Trash,7,524,524
Textile Trash/Textile Trash_250.jpg,Textile Trash,7,524,524
Textile Trash/Textile Trash_251.jpg,Textile Trash,7,524,524
Textile Trash/Textile Trash_252.jpg,Textile Trash,7,524,524
Textile Trash/Textile Trash_253.jpg,Textile Trash,7,524,524
Textile Trash/Textile Trash_254.jpg,Textile Trash,7,524,524
Textile Trash/Textile Trash_255.jpg,Textile Trash,7,524,524
Textile Trash/Textile Trash_256.jpg,Textile Trash,7,524,524
Textile Trash/Textile Trash_257.jpg,Textile Trash,7,524,524
Textile Trash/Textile Trash_258.jpg,Textile Trash,7,524,524
Textile Trash/Textile Trash_259.jpg,Textile Trash,7,524,524
Textile Trash/Textile Trash_26.jpg,Textile Trash,7,524,524
Textile Trash/Textile Trash_260.jpg,Textile Trash,7,524,524
Textile Trash/Textile Trash_261.jpg,Textile Trash,7,524,524
Textile Trash/Textile Trash_262.jpg,Textile Trash,7,524,524
Textile Trash/Textile Trash_263.jpg,Textile Trash,7,524,524
Textile Trash/Textile Trash_264.jpg,Textile Trash,7,524,524
Textile Trash/Textile Trash_265.jpg,Textile Trash,7,524,524
Textile Trash/Textile Trash_266.jpg,Textile Trash,7,524,524
Textile Trash/Textile Trash_267.jpg,Textile Trash,7,524,524
Textile Trash/Textile Trash_268.jpg,Textile Trash,7,524,524
Textile Trash/Textile Trash_269.jpg,Textile Trash,7,524,524
Textile Trash/Textile Trash_27.jpg,Textile Trash,7,524,524
Textile Trash/Textile Trash_270.jpg,Textile Trash,7,524,524
Textile Trash/Textile Trash_271.jpg,Textile Trash,7,524,524
Textile Trash/Textile Trash_272.jpg,Textile Trash,7,524,524
Textile Trash/Textile Trash_273.jpg,Textile Trash,7,524,524
Textile Trash/Textile Trash_274.jpg,Textile Trash,7,524,524
Textile Trash/Textile Trash_275.jpg,Textile Trash,7,524,524
Textile Trash/Textile Trash_276.jpg,Textile Trash,7,524,524
Textile Trash/Textile Trash_277.jpg,Textile Trash,7,524,524
Textile Trash/Textile Trash_278.jpg,Textile Trash,7,524,524
Textile Trash/Textile Trash_279.jpg,Textile Trash,7,524,524
Textile Trash/Textile Trash_28.jpg,Textile Trash,7,524,524
Textile Trash/Textile Trash_280.jpg,Textile Trash,7,524,524
Textile Trash/Textile Trash_281.jpg,Textile Trash,7,524,524
Textile Trash/Textile Trash_282.jpg,Textile Trash,7,524,524
Textile Trash/Textile Trash_283.jpg,Textile Trash,7,524,524
Textile Trash/Textile Trash_284.jpg,Textile Trash,7,524,524
Textile Trash/Textile Trash_285.jpg,Textile Trash,7,524,524
Textile Trash/Textile Trash_286.jpg,Textile Trash,7,524,524
Textile Trash/Textile Trash_287.jpg,Textile Trash,7,524,524
Textile Trash/Textile Trash_288.jpg,Textile Trash,7,524,524
Textile Trash/Textile Trash_289.jpg,Textile Trash,7,524,524
Textile Trash/Textile Trash_29.jpg,Textile Trash,7,524,524
Textile Trash/Textile Trash_290.jpg,Textile Trash,7,524,524
Textile Trash/Textile Trash_291.jpg,Textile Trash,7,524,524
Textile Trash/Textile Trash_292.jpg,Textile Trash,7,524,524
Textile Trash/Textile Trash_293.jpg,Textile Trash,7,524,524
Textile Trash/Textile Trash_294.jpg,Textile Trash,7,524,524
Textile Trash/Textile Trash_295.jpg,Textile Trash,7,524,524
Textile Trash/Textile Trash_296.jpg,Textile Trash,7,524,524
Textile Trash/Textile Trash_297.jpg,Textile Trash,7,524,524
Textile Trash/Textile Trash_298.jpg,Textile Trash,7,524,524
Textile Trash/Textile Trash_299.jpg,Textile Trash,7,524,524
Textile Trash/Textile Trash_3.jpg,Textile Trash,7,524,524
Textile Trash/Textile Trash_30.jpg,Textile Trash,7,524,524
Textile Trash/Textile Trash_300.jpg,Textile Trash,7,524,524
Textile Trash/Textile Trash_301.jpg,Textile Trash,7,524,524
Textile Trash/Textile Trash_302.jpg,Textile Trash,7,524,524
Textile Trash/Textile Trash_303.jpg,Textile Trash,7,524,524
Textile Trash/Textile Trash_304.jpg,Textile Trash,7,524,524
Textile Trash/Textile Trash_305.jpg,Textile Trash,7,524,524
Textile Trash/Textile Trash_306.jpg,Textile Trash,7,524,524
Textile Trash/Textile Trash_307.jpg,Textile Trash,7,524,524
Textile Trash/Textile Trash_308.jpg,Textile Trash,7,524,524
Textile Trash/Textile Trash_309.jpg,Textile Trash,7,524,524
Textile Trash/Textile Trash_31.jpg,Textile Trash,7,524,524
Textile Trash/Textile Trash_310.jpg,Textile Trash,7,524,524
Textile Trash/Textile Trash_311.jpg,Textile Trash,7,524,524
Textile Trash/Textile Trash_312.jpg,Textile Trash,7,524,524
Textile Trash/Textile Trash_313.jpg,Textile Trash,7,524,524
Textile Trash/Textile Trash_314.jpg,Textile Trash,7,524,524
Textile Trash/Textile Trash_315.jpg,Textile Trash,7,524,524
Textile Trash/Textile Trash_316.jpg,Textile Trash,7,524,524
Textile Trash/Textile Trash_317.jpg,Textile Trash,7,524,524
Textile Trash/Textile Trash_318.jpg,Textile Trash,7,524,524
Textile Trash/Textile Trash_32.jpg,Textile Trash,7,524,524
Textile Trash/Textile Trash_33.jpg,Textile Trash,7,524,524
Textile Trash/Textile Trash_34.jpg,Textile Trash,7,524,524
Textile Trash/Textile Trash_35.jpg,Textile Trash,7,524,524
Textile Trash/Textile Trash_36.jpg,Textile Trash,7,524,524
Textile Trash/Textile Trash_37.jpg,Textile Trash,7,524,524
Textile Trash/Textile Trash_38.jpg,Textile Trash,7,524,524
Textile Trash/Textile Trash_39.jpg,Textile Trash,7,524,524
Textile Trash/Textile Trash_4.jpg,Textile Trash,7,524,524
Textile Trash/Textile Trash_40.jpg,Textile Trash,7,524,524
Textile Trash/Textile Trash_41.jpg,Textile Trash,7,524,524
Textile Trash/Textile Trash_42.jpg,Textile Trash,7,524,524
Textile Trash/Textile Trash_43.jpg,Textile Trash,7,524,524
Textile Trash/Textile Trash_44.jpg,Textile Trash,7,524,524
Textile Trash/Textile Trash_45.jpg,Textile Trash,7,524,524
Textile Trash/Textile Trash_46.jpg,Textile Trash,7,524,524
Textile Trash/Textile Trash_47.jpg,Textile Trash,7,524,524
Textile Trash/Textile Trash_48.jpg,Textile Trash,7,524,524
Textile Trash/Textile Trash_49.jpg,Textile Trash,7,524,524
Textile Trash/Textile Trash_5.jpg,Textile Trash,7,524,524
Textile Trash/Textile Trash_50.jpg,Textile Trash,7,524,524
Textile Trash/Textile Trash_51.jpg,Textile Trash,7,524,524
Textile Trash/Textile Trash_52.jpg,Textile Trash,7,524,524
Textile Trash/Textile Trash_53.jpg,Textile Trash,7,524,524
Textile Trash/Textile Trash_54.jpg,Textile Trash,7,524,524
Textile Trash/Textile Trash_55.jpg,Textile Trash,7,524,524
Textile Trash/Textile Trash_56.jpg,Textile Trash,7,524,524
Textile Trash/Textile Trash_57.jpg,Textile Trash,7,524,524
Textile Trash/Textile Trash_58.jpg,Textile Trash,7,524,524
Textile Trash/Textile Trash_59.jpg,Textile Trash,7,524,524
Textile Trash/Textile Trash_6.jpg,Textile Trash,7,524,524
Textile Trash/Textile Trash_60.jpg,Textile Trash,7,524,524
Textile Trash/Textile Trash_61.jpg,Textile Trash,7,524,524
Textile Trash/Textile Trash_62.jpg,Textile Trash,7,524,524
Textile Trash/Textile Trash_63.jpg,Textile Trash,7,524,524
Textile Trash/Textile Trash_64.jpg,Textile Trash,7,524,524
Textile Trash/Textile Trash_65.jpg,Textile Trash,7,524,524
Textile Trash/Textile Trash_66.jpg,Textile Trash,7,524,524
Textile Trash/Textile Trash_67.jpg,Textile Trash,7,524,524
Textile Trash/Textile Trash_68.jpg,Textile Trash,7,524,524
Textile Trash/Textile Trash_69.jpg,Textile Trash,7,524,524
Textile Trash/Textile Trash_7.jpg,Textile Trash,7,524,524
Textile Trash/Textile Trash_70.jpg,Textile Trash,7,524,524
Textile Trash/Textile Trash_71.jpg,Textile Trash,7,524,524
Textile Trash/Textile Trash_72.jpg,Textile Trash,7,524,524
Textile Trash/Textile Trash_73.jpg,Textile Trash,7,524,524
Textile Trash/Textile Trash_74.jpg,Textile Trash,7,524,524
Textile Trash/Textile Trash_75.jpg,Textile Trash,7,524,524
Textile Trash/Textile Trash_76.jpg,Textile Trash,7,524,524
Textile Trash/Textile Trash_77.jpg,Textile Trash,7,524,524
Textile Trash/Textile Trash_78.jpg,Textile Trash,7,524,524
Textile Trash/Textile Trash_79.jpg,Textile Trash,7,524,524
Textile Trash/Textile Trash_8.jpg,Textile Trash,7,524,524
Textile Trash/Textile Trash_80.jpg,Textile Trash,7,524,524
Textile Trash/Textile Trash_81.jpg,Textile Trash,7,524,524
Textile Trash/Textile Trash_82.jpg,Textile Trash,7,524,524
Textile Trash/Textile Trash_83.jpg,Textile Trash,7,524,524
Textile Trash/Textile Trash_84.jpg,Textile Trash,7,524,524
Textile Trash/Textile Trash_85.jpg,Textile Trash,7,524,524
Textile Trash/Textile Trash_86.jpg,Textile Trash,7,524,524
Textile Trash/Textile Trash_87.jpg,Textile Trash,7,524,524
Textile Trash/Textile Trash_88.jpg,Textile Trash,7,524,524
Textile Trash/Textile Trash_89.jpg,Textile Trash,7,524,524
Textile Trash/Textile Trash_9.jpg,Textile Trash,7,524,524
Textile Trash/Textile Trash_90.jpg,Textile Trash,7,524,524
Textile Trash/Textile Trash_91.jpg,Textile Trash,7,524,524
Textile Trash/Textile Trash_92.jpg,Textile Trash,7,524,524
Textile Trash/Textile Trash_93.jpg,Textile Trash,7,524,524
Textile Trash/Textile Trash_94.jpg,Textile Trash,7,524,524
Textile Trash/Textile Trash_95.jpg,Textile Trash,7,524,524
Textile Trash/Textile Trash_96.jpg,Textile Trash,7,524,524
Textile Trash/Textile Trash_97.jpg,Textile Trash,7,524,524
Textile Trash/Textile Trash_98.jpg,Textile Trash,7,524,524
Textile Trash/Textile Trash_99.jpg,Textile Trash,7,524,524
Vegetation/Vegetation_1.jpg,Vegetation,8,524,524
Vegetation/Vegetation_10.jpg,Vegetation,8,524,524
Vegetation/Vegetation_100.jpg,Vegetation,8,524,524
Vegetation/Vegetation_101.jpg,Vegetation,8,524,524
Vegetation/Vegetation_102.jpg,Vegetation,8,524,524
Vegetation/Vegetation_103.jpg,Vegetation,8,524,524
Vegetation/Vegetation_104.jpg,Vegetation,8,524,524
Vegetation/Vegetation_105.jpg,Vegetation,8,524,524
Vegetation/Vegetation_106.jpg,Vegetation,8,524,524
Vegetation/Vegetation_107.jpg,Vegetation,8,524,524
Vegetation/Vegetation_108.jpg,Vegetation,8,524,524
Vegetation/Vegetation_109.jpg,Vegetation,8,524,524
Vegetation/Vegetation_11.jpg,Vegetation,8,524,524
Vegetation/Vegetation_110.jpg,Vegetation,8,524,524
Vegetation/Vegetation_111.jpg,Vegetation,8,524,524
Vegetation/Vegetation_112.jpg,Vegetation,8,524,524
Vegetation/Vegetation_113.jpg,Vegetation,8,524,524
Vegetation/Vegetation_114.jpg,Vegetation,8,524,524
Vegetation/Vegetation_115.jpg,Vegetation,8,524,524
Vegetation/Vegetation_116.jpg,Vegetation,8,524,524
Vegetation/Vegetation_117.jpg,Vegetation,8,524,524
Vegetation/Vegetation_118.jpg,Vegetation,8,524,524
Vegetation/Vegetation_119.jpg,Vegetation,8,524,524
Vegetation/Vegetation_12.jpg,Vegetation,8,524,524
Vegetation/Vegetation_120.jpg,Vegetation,8,524,524
Vegetation/Vegetation_121.jpg,Vegetation,8,524,524
Vegetation/Vegetation_122.jpg,Vegetation,8,524,524
Vegetation/Vegetation_123.jpg,Vegetation,8,524,524
Vegetation/Vegetation_124.jpg,Vegetation,8,524,524
Vegetation/Vegetation_125.jpg,Vegetation,8,524,524
Vegetation/Vegetation_126.jpg,Vegetation,8,524,524
Vegetation/Vegetation_127.jpg,Vegetation,8,524,524
Vegetation/Vegetation_128.jpg,Vegetation,8,524,524
Vegetation/Vegetation_129.jpg,Vegetation,8,524,524
Vegetation/Vegetation_13.jpg,Vegetation,8,524,524
Vegetation/Vegetation_130.jpg,Vegetation,8,524,524
Vegetation/Vegetation_131.jpg,Vegetation,8,524,524
Vegetation/Vegetation_132.jpg,Vegetation,8,524,524
Vegetation/Vegetation_133.jpg,Vegetation,8,524,524
Vegetation/Vegetation_134.jpg,Vegetation,8,524,524
Vegetation/Vegetation_135.jpg,Vegetation,8,524,524
Vegetation/Vegetation_136.jpg,Vegetation,8,524,524
Vegetation/Vegetation_137.jpg,Vegetation,8,524,524
Vegetation/Vegetation_138.jpg,Vegetation,8,524,524
Vegetation/Vegetation_139.jpg,Vegetation,8,524,524
Vegetation/Vegetation_14.jpg,Vegetation,8,524,524
Vegetation/Vegetation_140.jpg,Vegetation,8,524,524
Vegetation/Vegetation_141.jpg,Vegetation,8,524,524
Vegetation/Vegetation_142.jpg,Vegetation,8,524,524
Vegetation/Vegetation_143.jpg,Vegetation,8,524,524
Vegetation/Vegetation_144.jpg,Vegetation,8,524,524
Vegetation/Vegetation_145.jpg,Vegetation,8,524,524
Vegetation/Vegetation_146.jpg,Vegetation,8,524,524
Vegetation/Vegetation_147.jpg,Vegetation,8,524,524
Vegetation/Vegetation_148.jpg,Vegetation,8,524,524
Vegetation/Vegetation_149.jpg,Vegetation,8,524,524
Vegetation/Vegetation_15.jpg,Vegetation,8,524,524
Vegetation/Vegetation_150.jpg,Vegetation,8,524,524
Vegetation/Vegetation_151.jpg,Vegetation,8,524,524
Vegetation/Vegetation_152.jpg,Vegetation,8,524,524
Vegetation/Vegetation_153.jpg,Vegetation,8,524,524
Vegetation/Vegetation_154.jpg,Vegetation,8,524,524
Vegetation/Vegetation_155.jpg,Vegetation,8,524,524
Vegetation/Vegetation_156.jpg,Vegetation,8,524,524
Vegetation/Vegetation_157.jpg,Vegetation,8,524,524
Vegetation/Vegetation_158.jpg,Vegetation,8,524,524
Vegetation/Vegetation_159.jpg,Vegetation,8,524,524
Vegetation/Vegetation_16.jpg,Vegetation,8,524,524
Vegetation/Vegetation_160.jpg,Vegetation,8,524,524
Vegetation/Vegetation_161.jpg,Vegetation,8,524,524
Vegetation/Vegetation_162.jpg,Vegetation,8,524,524
Vegetation/Vegetation_163.jpg,Vegetation,8,524,524
Vegetation/Vegetation_164.jpg,Vegetation,8,524,524
Vegetation/Vegetation_165.jpg,Vegetation,8,524,524
Vegetation/Vegetation_166.jpg,Vegetation,8,524,524
Vegetation/Vegetation_167.jpg,Vegetation,8,524,524
Vegetation/Vegetation_168.jpg,Vegetation,8,524,524
Vegetation/Vegetation_169.jpg,Vegetation,8,524,524
Vegetation/Vegetation_17.jpg,Vegetation,8,524,524
Vegetation/Vegetation_170.jpg,Vegetation,8,524,524
Vegetation/Vegetation_171.jpg,Vegetation,8,524,524
Vegetation/Vegetation_172.jpg,Vegetation,8,524,524
Vegetation/Vegetation_173.jpg,Vegetation,8,524,524
Vegetation/Vegetation_174.jpg,Vegetation,8,524,524
Vegetation/Vegetation_175.jpg,Vegetation,8,524,524
Vegetation/Vegetation_176.jpg,Vegetation,8,524,524
Vegetation/Vegetation_177.jpg,Vegetation,8,524,524
Vegetation/Vegetation_178.jpg,Vegetation,8,524,524
Vegetation/Vegetation_179.jpg,Vegetation,8,524,524
Vegetation/Vegetation_18.jpg,Vegetation,8,524,524
Vegetation/Vegetation_180.jpg,Vegetation,8,524,524
Vegetation/Vegetation_181.jpg,Vegetation,8,524,524
Vegetation/Vegetation_182.jpg,Vegetation,8,524,524
Vegetation/Vegetation_183.jpg,Vegetation,8,524,524
Vegetation/Vegetation_184.jpg,Vegetation,8,524,524
Vegetation/Vegetation_185.jpg,Vegetation,8,524,524
Vegetation/Vegetation_186.jpg,Vegetation,8,524,524
Vegetation/Vegetation_187.jpg,Vegetation,8,524,524
Vegetation/Vegetation_188.jpg,Vegetation,8,524,524
Vegetation/Vegetation_189.jpg,Vegetation,8,524,524
Vegetation/Vegetation_19.jpg,Vegetation,8,524,524
Vegetation/Vegetation_190.jpg,Vegetation,8,524,524
Vegetation/Vegetation_191.jpg,Vegetation,8,524,524
Vegetation/Vegetation_192.jpg,Vegetation,8,524,524
Vegetation/Vegetation_193.jpg,Vegetation,8,524,524
Vegetation/Vegetation_194.jpg,Vegetation,8,524,524
Vegetation/Vegetation_195.jpg,Vegetation,8,524,524
Vegetation/Vegetation_196.jpg,Vegetation,8,524,524
Vegetation/Vegetation_197.jpg,Vegetation,8,524,524
Vegetation/Vegetation_198.jpg,Vegetation,8,524,524
Vegetation/Vegetation_199.jpg,Vegetation,8,524,524
Vegetation/Vegetation_2.jpg,Vegetation,8,524,524
Vegetation/Vegetation_20.jpg,Vegetation,8,524,524
Vegetation/Vegetation_200.jpg,Vegetation,8,524,524
Vegetation/Vegetation_201.jpg,Vegetation,8,524,524
Vegetation/Vegetation_202.jpg,Vegetation,8,524,524
Vegetation/Vegetation_203.jpg,Vegetation,8,524,524
Vegetation/Vegetation_204.jpg,Vegetation,8,524,524
Vegetation/Vegetation_205.jpg,Vegetation,8,524,524
Vegetation/Vegetation_206.jpg,Vegetation,8,524,524
Vegetation/Vegetation_207.jpg,Vegetation,8,524,524
Vegetation/Vegetation_208.jpg,Vegetation,8,524,524
Vegetation/Vegetation_209.jpg,Vegetation,8,524,524
Vegetation/Vegetation_21.jpg,Vegetation,8,524,524
Vegetation/Vegetation_210.jpg,Vegetation,8,524,524
Vegetation/Vegetation_211.jpg,Vegetation,8,524,524
Vegetation/Vegetation_212.jpg,Vegetation,8,524,524
Vegetation/Vegetation_213.jpg,Vegetation,8,524,524
Vegetation/Vegetation_214.jpg,Vegetation,8,524,524
Vegetation/Vegetation_215.jpg,Vegetation,8,524,524
Vegetation/Vegetation_216.jpg,Vegetation,8,524,524
Vegetation/Vegetation_217.jpg,Vegetation,8,524,524
Vegetation/Vegetation_218.jpg,Vegetation,8,524,524
Vegetation/Vegetation_219.jpg,Vegetation,8,524,524
Vegetation/Vegetation_22.jpg,Vegetation,8,524,524
Vegetation/Vegetation_220.jpg,Vegetation,8,524,524
Vegetation/Vegetation_221.jpg,Vegetation,8,524,524
Vegetation/Vegetation_222.jpg,Vegetation,8,524,524
Vegetation/Vegetation_223.jpg,Vegetation,8,524,524
Vegetation/Vegetation_224.jpg,Vegetation,8,524,524
Vegetation/Vegetation_225.jpg,Vegetation,8,524,524
Vegetation/Vegetation_226.jpg,Vegetation,8,524,524
Vegetation/Vegetation_227.jpg,Vegetation,8,524,524
Vegetation/Vegetation_228.jpg,Vegetation,8,524,524
Vegetation/Vegetation_229.jpg,Vegetation,8,524,524
Vegetation/Vegetation_23.jpg,Vegetation,8,524,524
Vegetation/Vegetation_230.jpg,Vegetation,8,524,524
Vegetation/Vegetation_231.jpg,Vegetation,8,524,524
Vegetation/Vegetation_232.jpg,Vegetation,8,524,524
Vegetation/Vegetation_233.jpg,Vegetation,8,524,524
Vegetation/Vegetation_234.jpg,Vegetation,8,524,524
Vegetation/Vegetation_235.jpg,Vegetation,8,524,524
Vegetation/Vegetation_236.jpg,Vegetation,8,524,524
Vegetation/Vegetation_237.jpg,Vegetation,8,524,524
Vegetation/Vegetation_238.jpg,Vegetation,8,524,524
Vegetation/Vegetation_239.jpg,Vegetation,8,524,524
Vegetation/Vegetation_24.jpg,Vegetation,8,524,524
Vegetation/Vegetation_240.jpg,Vegetation,8,524,524
Vegetation/Vegetation_241.jpg,Vegetation,8,524,524
Vegetation/Vegetation_242.jpg,Vegetation,8,524,524
Vegetation/Vegetation_243.jpg,Vegetation,8,524,524
Vegetation/Vegetation_244.jpg,Vegetation,8,524,524
Vegetation/Vegetation_245.jpg,Vegetation,8,524,524
Vegetation/Vegetation_246.jpg,Vegetation,8,524,524
Vegetation/Vegetation_247.jpg,Vegetation,8,524,524
Vegetation/Vegetation_248.jpg,Vegetation,8,524,524
Vegetation/Vegetation_249.jpg,Vegetation,8,524,524
Vegetation/Vegetation_25.jpg,Vegetation,8,524,524
Vegetation/Vegetation_250.jpg,Vegetation,8,524,524
Vegetation/Vegetation_251.jpg,Vegetation,8,524,524
Vegetation/Vegetation_252.jpg,Vegetation,8,524,524
Vegetation/Vegetation_253.jpg,Vegetation,8,524,524
Vegetation/Vegetation_254.jpg,Vegetation,8,524,524
Vegetation/Vegetation_255.jpg,Vegetation,8,524,524
Vegetation/Vegetation_256.jpg,Vegetation,8,524,524
Vegetation/Vegetation_257.jpg,Vegetation,8,524,524
Vegetation/Vegetation_258.jpg,Vegetation,8,524,524
Vegetation/Vegetation_259.jpg,Vegetation,8,524,524
Vegetation/Vegetation_26.jpg,Vegetation,8,524,524
Vegetation/Vegetation_260.jpg,Vegetation,8,524,524
Vegetation/Vegetation_261.jpg,Vegetation,8,524,524
Vegetation/Vegetation_262.jpg,Vegetation,8,524,524
Vegetation/Vegetation_263.jpg,Vegetation,8,524,524
Vegetation/Vegetation_264.jpg,Vegetation,8,524,524
Vegetation/Vegetation_265.jpg,Vegetation,8,524,524
Vegetation/Vegetation_266.jpg,Vegetation,8,524,524
Vegetation/Vegetation_267.jpg,Vegetation,8,524,524
Vegetation/Vegetation_268.jpg,Vegetation,8,524,524
Vegetation/Vegetation_269.jpg,Vegetation,8,524,524
Vegetation/Vegetation_27.jpg,Vegetation,8,524,524
Vegetation/Vegetation_270.jpg,Vegetation,8,524,524
Vegetation/Vegetation_271.jpg,Vegetation,8,524,524
Vegetation/Vegetation_272.jpg,Vegetation,8,524,524
Vegetation/Vegetation_273.jpg,Vegetation,8,524,524
Vegetation/Vegetation_274.jpg,Vegetation,8,524,524
Vegetation/Vegetation_275.jpg,Vegetation,8,524,524
Vegetation/Vegetation_276.jpg,Vegetation,8,524,524
Vegetation/Vegetation_277.jpg,Vegetation,8,524,524
Vegetation/Vegetation_278.jpg,Vegetation,8,524,524
Vegetation/Vegetation_279.jpg,Vegetation,8,524,524
Vegetation/Vegetation_28.jpg,Vegetation,8,524,524
Vegetation/Vegetation_280.jpg,Vegetation,8,524,524
Vegetation/Vegetation_281.jpg,Vegetation,8,524,524
Vegetation/Vegetation_282.jpg,Vegetation,8,524,524
Vegetation/Vegetation_283.jpg,Vegetation,8,524,524
Vegetation/Vegetation_284.jpg,Vegetation,8,524,524
Vegetation/Vegetation_285.jpg,Vegetation,8,524,524
Vegetation/Vegetation_286.jpg,Vegetation,8,524,524
Vegetation/Vegetation_287.jpg,Vegetation,8,524,524
Vegetation/Vegetation_288.jpg,Vegetation,8,524,524
Vegetation/Vegetation_289.jpg,Vegetation,8,524,524
Vegetation/Vegetation_29.jpg,Vegetation,8,524,524
Vegetation/Vegetation_290.jpg,Vegetation,8,524,524
Vegetation/Vegetation_291.jpg,Vegetation,8,524,524
Vegetation/Vegetation_292.jpg,Vegetation,8,524,524
Vegetation/Vegetation_293.jpg,Vegetation,8,524,524
Vegetation/Vegetation_294.jpg,Vegetation,8,524,524
Vegetation/Vegetation_295.jpg,Vegetation,8,524,524
Vegetation/Vegetation_296.jpg,Vegetation,8,524,524
Vegetation/Vegetation_297.jpg,Vegetation,8,524,524
Vegetation/Vegetation_298.jpg,Vegetation,8,524,524
Vegetation/Vegetation_299.jpg,Vegetation,8,524,524
Vegetation/Vegetation_3.jpg,Vegetation,8,524,524
Vegetation/Vegetation_30.jpg,Vegetation,8,524,524
Vegetation/Vegetation_300.jpg,Vegetation,8,524,524
Vegetation/Vegetation_301.jpg,Vegetation,8,524,524
Vegetation/Vegetation_302.jpg,Vegetation,8,524,524
Vegetation/Vegetation_303.jpg,Vegetation,8,524,524
Vegetation/Vegetation_304.jpg,Vegetation,8,524,524
Vegetation/Vegetation_305.jpg,Vegetation,8,524,524
Vegetation/Vegetation_306.jpg,Vegetation,8,524,524
Vegetation/Vegetation_307.jpg,Vegetation,8,524,524
Vegetation/Vegetation_308.jpg,Vegetation,8,524,524
Vegetation/Vegetation_309.jpg,Vegetation,8,524,524
Vegetation/Vegetation_31.jpg,Vegetation,8,524,524
Vegetation/Vegetation_310.jpg,Vegetation,8,524,524
Vegetation/Vegetation_311.jpg,Vegetation,8,524,524
Vegetation/Vegetation_312.jpg,Vegetation,8,524,524
Vegetation/Vegetation_313.jpg,Vegetation,8,524,524
Vegetation/Vegetation_314.jpg,Vegetation,8,524,524
Vegetation/Vegetation_315.jpg,Vegetation,8,524,524
Vegetation/Vegetation_316.jpg,Vegetation,8,524,524
Vegetation/Vegetation_317.jpg,Vegetation,8,524,524
Vegetation/Vegetation_318.jpg,Vegetation,8,524,524
Vegetation/Vegetation_319.jpg,Vegetation,8,524,524
Vegetation/Vegetation_32.jpg,Vegetation,8,524,524
Vegetation/Vegetation_320.jpg,Vegetation,8,524,524
Vegetation/Vegetation_321.jpg,Vegetation,8,524,524
Vegetation/Vegetation_322.jpg,Vegetation,8,524,524
Vegetation/Vegetation_323.jpg,Vegetation,8,524,524
Vegetation/Vegetation_324.jpg,Vegetation,8,524,524
Vegetation/Vegetation_325.jpg,Vegetation,8,524,524
Vegetation/Vegetation_326.jpg,Vegetation,8,524,524
Vegetation/Vegetation_327.jpg,Vegetation,8,524,524
Vegetation/Vegetation_328.jpg,Vegetation,8,524,524
Vegetation/Vegetation_329.jpg,Vegetation,8,524,524
Vegetation/Vegetation_33.jpg,Vegetation,8,524,524
Vegetation/Vegetation_330.jpg,Vegetation,8,524,524
Vegetation/Vegetation_331.jpg,Vegetation,8,524,524
Vegetation/Vegetation_332.jpg,Vegetation,8,524,524
Vegetation/Vegetation_333.jpg,Vegetation,8,524,524
Vegetation/Vegetation_334.jpg,Vegetation,8,524,524
Vegetation/Vegetation_335.jpg,Vegetation,8,524,524
Vegetation/Vegetation_336.jpg,Vegetation,8,524,524
Vegetation/Vegetation_337.jpg,Vegetation,8,524,524
Vegetation/Vegetation_338.jpg,Vegetation,8,524,524
Vegetation/Vegetation_339.jpg,Vegetation,8,524,524
Vegetation/Vegetation_34.jpg,Vegetation,8,524,524
Vegetation/Vegetation_340.jpg,Vegetation,8,524,524
Vegetation/Vegetation_341.jpg,Vegetation,8,524,524
Vegetation/Vegetation_342.jpg,Vegetation,8,524,524
Vegetation/Vegetation_343.jpg,Vegetation,8,524,524
Vegetation/Vegetation_344.jpg,Vegetation,8,524,524
Vegetation/Vegetation_345.jpg,Vegetation,8,524,524
Vegetation/Vegetation_346.jpg,Vegetation,8,524,524
Vegetation/Vegetation_347.jpg,Vegetation,8,524,524
Vegetation/Vegetation_348.jpg,Vegetation,8,524,524
Vegetation/Vegetation_349.jpg,Vegetation,8,524,524
Vegetation/Vegetation_35.jpg,Vegetation,8,524,524
Vegetation/Vegetation_350.jpg,Vegetation,8,524,524
Vegetation/Vegetation_351.jpg,Vegetation,8,524,524
Vegetation/Vegetation_352.jpg,Vegetation,8,524,524
Vegetation/Vegetation_353.jpg,Vegetation,8,524,524
Vegetation/Vegetation_354.jpg,Vegetation,8,524,524
Vegetation/Vegetation_355.jpg,Vegetation,8,524,524
Vegetation/Vegetation_356.jpg,Vegetation,8,524,524
Vegetation/Vegetation_357.jpg,Vegetation,8,524,524
Vegetation/Vegetation_358.jpg,Vegetation,8,524,524
Vegetation/Vegetation_359.jpg,Vegetation,8,524,524
Vegetation/Vegetation_36.jpg,Vegetation,8,524,524
Vegetation/Vegetation_360.jpg,Vegetation,8,524,524
Vegetation/Vegetation_361.jpg,Vegetation,8,524,524
Vegetation/Vegetation_362.jpg,Vegetation,8,524,524
Vegetation/Vegetation_363.jpg,Vegetation,8,524,524
Vegetation/Vegetation_364.jpg,Vegetation,8,524,524
Vegetation/Vegetation_365.jpg,Vegetation,8,524,524
Vegetation/Vegetation_366.jpg,Vegetation,8,524,524
Vegetation/Vegetation_367.jpg,Vegetation,8,524,524
Vegetation/Vegetation_368.jpg,Vegetation,8,524,524
Vegetation/Vegetation_369.jpg,Vegetation,8,524,524
Vegetation/Vegetation_37.jpg,Vegetation,8,524,524
Vegetation/Vegetation_370.jpg,Vegetation,8,524,524
Vegetation/Vegetation_371.jpg,Vegetation,8,524,524
Vegetation/Vegetation_372.jpg,Vegetation,8,524,524
Vegetation/Vegetation_373.jpg,Vegetation,8,524,524
Vegetation/Vegetation_374.jpg,Vegetation,8,524,524
Vegetation/Vegetation_375.jpg,Vegetation,8,524,524
Vegetation/Vegetation_376.jpg,Vegetation,8,524,524
Vegetation/Vegetation_377.jpg,Vegetation,8,524,524
Vegetation/Vegetation_378.jpg,Vegetation,8,524,524
Vegetation/Vegetation_379.jpg,Vegetation,8,524,524
Vegetation/Vegetation_38.jpg,Vegetation,8,524,524
Vegetation/Vegetation_380.jpg,Vegetation,8,524,524
Vegetation/Vegetation_381.jpg,Vegetation,8,524,524
Vegetation/Vegetation_382.jpg,Vegetation,8,524,524
Vegetation/Vegetation_383.jpg,Vegetation,8,524,524
Vegetation/Vegetation_384.jpg,Vegetation,8,524,524
Vegetation/Vegetation_385.jpg,Vegetation,8,524,524
Vegetation/Vegetation_386.jpg,Vegetation,8,524,524
Vegetation/Vegetation_387.jpg,Vegetation,8,524,524
Vegetation/Vegetation_388.jpg,Vegetation,8,524,524
Vegetation/Vegetation_389.jpg,Vegetation,8,524,524
Vegetation/Vegetation_39.jpg,Vegetation,8,524,524
Vegetation/Vegetation_390.jpg,Vegetation,8,524,524
Vegetation/Vegetation_391.jpg,Vegetation,8,524,524
Vegetation/Vegetation_392.jpg,Vegetation,8,524,524
Vegetation/Vegetation_393.jpg,Vegetation,8,524,524
Vegetation/Vegetation_394.jpg,Vegetation,8,524,524
Vegetation/Vegetation_395.jpg,Vegetation,8,524,524
Vegetation/Vegetation_396.jpg,Vegetation,8,524,524
Vegetation/Vegetation_397.jpg,Vegetation,8,524,524
Vegetation/Vegetation_398.jpg,Vegetation,8,524,524
Vegetation/Vegetation_399.jpg,Vegetation,8,524,524
Vegetation/Vegetation_4.jpg,Vegetation,8,524,524
Vegetation/Vegetation_40.jpg,Vegetation,8,524,524
Vegetation/Vegetation_400.jpg,Vegetation,8,524,524
Vegetation/Vegetation_401.jpg,Vegetation,8,524,524
Vegetation/Vegetation_402.jpg,Vegetation,8,524,524
Vegetation/Vegetation_403.jpg,Vegetation,8,524,524
Vegetation/Vegetation_404.jpg,Vegetation,8,524,524
Vegetation/Vegetation_405.jpg,Vegetation,8,524,524
Vegetation/Vegetation_406.jpg,Vegetation,8,524,524
Vegetation/Vegetation_407.jpg,Vegetation,8,524,524
Vegetation/Vegetation_408.jpg,Vegetation,8,524,524
Vegetation/Vegetation_409.jpg,Vegetation,8,524,524
Vegetation/Vegetation_41.jpg,Vegetation,8,524,524
Vegetation/Vegetation_410.jpg,Vegetation,8,524,524
Vegetation/Vegetation_411.jpg,Vegetation,8,524,524
Vegetation/Vegetation_412.jpg,Vegetation,8,524,524
Vegetation/Vegetation_413.jpg,Vegetation,8,524,524
Vegetation/Vegetation_414.jpg,Vegetation,8,524,524
Vegetation/Vegetation_415.jpg,Vegetation,8,524,524
Vegetation/Vegetation_416.jpg,Vegetation,8,524,524
Vegetation/Vegetation_417.jpg,Vegetation,8,524,524
Vegetation/Vegetation_418.jpg,Vegetation,8,524,524
Vegetation/Vegetation_419.jpg,Vegetation,8,524,524
Vegetation/Vegetation_42.jpg,Vegetation,8,524,524
Vegetation/Vegetation_420.jpg,Vegetation,8,524,524
Vegetation/Vegetation_421.jpg,Vegetation,8,524,524
Vegetation/Vegetation_422.jpg,Vegetation,8,524,524
Vegetation/Vegetation_423.jpg,Vegetation,8,524,524
Vegetation/Vegetation_424.jpg,Vegetation,8,524,524
Vegetation/Vegetation_425.jpg,Vegetation,8,524,524
Vegetation/Vegetation_426.jpg,Vegetation,8,524,524
Vegetation/Vegetation_427.jpg,Vegetation,8,524,524
Vegetation/Vegetation_428.jpg,Vegetation,8,524,524
Vegetation/Vegetation_429.jpg,Vegetation,8,524,524
Vegetation/Vegetation_43.jpg,Vegetation,8,524,524
Vegetation/Vegetation_430.jpg,Vegetation,8,524,524
Vegetation/Vegetation_431.jpg,Vegetation,8,524,524
Vegetation/Vegetation_432.jpg,Vegetation,8,524,524
Vegetation/Vegetation_433.jpg,Vegetation,8,524,524
Vegetation/Vegetation_434.jpg,Vegetation,8,524,524
Vegetation/Vegetation_435.jpg,Vegetation,8,524,524
Vegetation/Vegetation_436.jpg,Vegetation,8,524,524
Vegetation/Vegetation_44.jpg,Vegetation,8,524,524
Vegetation/Vegetation_45.jpg,Vegetation,8,524,524
Vegetation/Vegetation_46.jpg,Vegetation,8,524,524
Vegetation/Vegetation_47.jpg,Vegetation,8,524,524
Vegetation/Vegetation_48.jpg,Vegetation,8,524,524
Vegetation/Vegetation_49.jpg,Vegetation,8,524,524
Vegetation/Vegetation_5.jpg,Vegetation,8,524,524
Vegetation/Vegetation_50.jpg,Vegetation,8,524,524
Vegetation/Vegetation_51.jpg,Vegetation,8,524,524
Vegetation/Vegetation_52.jpg,Vegetation,8,524,524
Vegetation/Vegetation_53.jpg,Vegetation,8,524,524
Vegetation/Vegetation_54.jpg,Vegetation,8,524,524
Vegetation/Vegetation_55.jpg,Vegetation,8,524,524
Vegetation/Vegetation_56.jpg,Vegetation,8,524,524
Vegetation/Vegetation_57.jpg,Vegetation,8,524,524
Vegetation/Vegetation_58.jpg,Vegetation,8,524,524
Vegetation/Vegetation_59.jpg,Vegetation,8,524,524
Vegetation/Vegetation_6.jpg,Vegetation,8,524,524
Vegetation/Vegetation_60.jpg,Vegetation,8,524,524
Vegetation/Vegetation_61.jpg,Vegetation,8,524,524
Vegetation/Vegetation_62.jpg,Vegetation,8,524,524
Vegetation/Vegetation_63.jpg,Vegetation,8,524,524
Vegetation/Vegetation_64.jpg,Vegetation,8,524,524
Vegetation/Vegetation_65.jpg,Vegetation,8,524,524
Vegetation/Vegetation_66.jpg,Vegetation,8,524,524
Vegetation/Vegetation_67.jpg,Vegetation,8,524,524
Vegetation/Vegetation_68.jpg,Vegetation,8,524,524
Vegetation/Vegetation_69.jpg,Vegetation,8,524,524
Vegetation/Vegetation_7.jpg,Vegetation,8,524,524
Vegetation/Vegetation_70.jpg,Vegetation,8,524,524
Vegetation/Vegetation_71.jpg,Vegetation,8,524,524
Vegetation/Vegetation_72.jpg,Vegetation,8,524,524
Vegetation/Vegetation_73.jpg,Vegetation,8,524,524
Vegetation/Vegetation_74.jpg,Vegetation,8,524,524
Vegetation/Vegetation_75.jpg,Vegetation,8,524,524
Vegetation/Vegetation_76.jpg,Vegetation,8,524,524
Vegetation/Vegetation_77.jpg,Vegetation,8,524,524
Vegetation/Vegetation_78.jpg,Vegetation,8,524,524
Vegetation/Vegetation_79.jpg,Vegetation,8,524,524
Vegetation/Vegetation_8.jpg,Vegetation,8,524,524
Vegetation/Vegetation_80.jpg,Vegetation,8,524,524
Vegetation/Vegetation_81.jpg,Vegetation,8,524,524
Vegetation/Vegetation_82.jpg,Vegetation,8,524,524
Vegetation/Vegetation_83.jpg,Vegetation,8,524,524
Vegetation/Vegetation_84.jpg,Vegetation,8,524,524
Vegetation/Vegetation_85.jpg,Vegetation,8,524,524
Vegetation/Vegetation_86.jpg,Vegetation,8,524,524
Vegetation/Vegetation_87.jpg,Vegetation,8,524,524
Vegetation/Vegetation_88.jpg,Vegetation,8,524,524
Vegetation/Vegetation_89.jpg,Vegetation,8,524,524
Vegetation/Vegetation_9.jpg,Vegetation,8,524,524
Vegetation/Vegetation_90.jpg,Vegetation,8,524,524
Vegetation/Vegetation_91.jpg,Vegetation,8,524,524
Vegetation/Vegetation_92.jpg,Vegetation,8,524,524
Vegetation/Vegetation_93.jpg,Vegetation,8,524,524
Vegetation/Vegetation_94.jpg,Vegetation,8,524,524
Vegetation/Vegetation_95.jpg,Vegetation,8,524,524
Vegetation/Vegetation_96.jpg,Vegetation,8,524,524
Vegetation/Vegetation_97.jpg,Vegetation,8,524,524
Vegetation/Vegetation_98.jpg,Vegetation,8,524,524
Vegetation/Vegetation_99.jpg,Vegetation,8,524,524
